,Goal,Target,Indicator,SeriesCode,SeriesDescription,GeoAreaCode,GeoAreaName,TimePeriod,Value,Time_Detail,Source,FootNote,Age,Nature,Reporting Type,Sex,Units
86686,4,4.2,4.2.1,SE_DEV_ONTRK,"Proportion of children aged 36−59 months who are developmentally on track in at least three of the following domains: literacy-numeracy, physical development, social-emotional development, and learning (% of children aged 36-59 months)",1,World,2020,70.7,2012-2020,"Demographic and Health Surveys (DHS), Multiple Indicator Cluster Surveys (MICS) and other national surveys ","Based on 74 countries with a population coverage of 27 per cent. Estimates for boys and girls are not directly comparable to the total, as they are based on a subset of countries with available data by sex.",M36T59,E,G,FEMALE,PERCENT
86687,4,4.2,4.2.1,SE_DEV_ONTRK,"Proportion of children aged 36−59 months who are developmentally on track in at least three of the following domains: literacy-numeracy, physical development, social-emotional development, and learning (% of children aged 36-59 months)",1,World,2020,67.8,2012-2020,"Demographic and Health Surveys (DHS), Multiple Indicator Cluster Surveys (MICS) and other national surveys ","Based on 74 countries with a population coverage of 27 per cent. Estimates for boys and girls are not directly comparable to the total, as they are based on a subset of countries with available data by sex.",M36T59,E,G,MALE,PERCENT
86688,4,4.2,4.2.1,SE_DEV_ONTRK,"Proportion of children aged 36−59 months who are developmentally on track in at least three of the following domains: literacy-numeracy, physical development, social-emotional development, and learning (% of children aged 36-59 months)",1,World,2020,71.5,2012-2020,"Demographic and Health Surveys (DHS), Multiple Indicator Cluster Surveys (MICS) and other national surveys ","Based on 76 countries with a population coverage of 31 per cent. Estimates for boys and girls are not directly comparable to the total, as they are based on a subset of countries with available data by sex.",M36T59,E,G,BOTHSEX,PERCENT
86689,4,4.2,4.2.1,SE_DEV_ONTRK,"Proportion of children aged 36−59 months who are developmentally on track in at least three of the following domains: literacy-numeracy, physical development, social-emotional development, and learning (% of children aged 36-59 months)",12,Algeria,2019,74.4,2018-2019,MICS,,M36T59,C,G,MALE,PERCENT
86690,4,4.2,4.2.1,SE_DEV_ONTRK,"Proportion of children aged 36−59 months who are developmentally on track in at least three of the following domains: literacy-numeracy, physical development, social-emotional development, and learning (% of children aged 36-59 months)",12,Algeria,2019,79.3,2018-2019,MICS,,M36T59,C,G,FEMALE,PERCENT
86691,4,4.2,4.2.1,SE_DEV_ONTRK,"Proportion of children aged 36−59 months who are developmentally on track in at least three of the following domains: literacy-numeracy, physical development, social-emotional development, and learning (% of children aged 36-59 months)",12,Algeria,2019,76.8,2018-2019,MICS,,M36T59,C,G,BOTHSEX,PERCENT
86692,4,4.2,4.2.1,SE_DEV_ONTRK,"Proportion of children aged 36−59 months who are developmentally on track in at least three of the following domains: literacy-numeracy, physical development, social-emotional development, and learning (% of children aged 36-59 months)",32,Argentina,2012,87.5,2011-2012,MICS,,M36T59,C,G,FEMALE,PERCENT
86693,4,4.2,4.2.1,SE_DEV_ONTRK,"Proportion of children aged 36−59 months who are developmentally on track in at least three of the following domains: literacy-numeracy, physical development, social-emotional development, and learning (% of children aged 36-59 months)",32,Argentina,2012,83.5,2011-2012,MICS,,M36T59,C,G,MALE,PERCENT
86694,4,4.2,4.2.1,SE_DEV_ONTRK,"Proportion of children aged 36−59 months who are developmentally on track in at least three of the following domains: literacy-numeracy, physical development, social-emotional development, and learning (% of children aged 36-59 months)",32,Argentina,2012,85.4,2011-2012,MICS,,M36T59,C,G,BOTHSEX,PERCENT
86695,4,4.2,4.2.1,SE_DEV_ONTRK,"Proportion of children aged 36−59 months who are developmentally on track in at least three of the following domains: literacy-numeracy, physical development, social-emotional development, and learning (% of children aged 36-59 months)",35,South-Eastern Asia,2020,88.0,2012-2020,"Demographic and Health Surveys (DHS), Multiple Indicator Cluster Surveys (MICS) and other national surveys ","Based on 6 countries with a population coverage of 68 per cent. Estimates for boys and girls are not directly comparable to the total, as they are based on a subset of countries with available data by sex.",M36T59,E,G,BOTHSEX,PERCENT
86696,4,4.2,4.2.1,SE_DEV_ONTRK,"Proportion of children aged 36−59 months who are developmentally on track in at least three of the following domains: literacy-numeracy, physical development, social-emotional development, and learning (% of children aged 36-59 months)",50,Bangladesh,2019,74.5,2019,MICS,,M36T59,C,G,BOTHSEX,PERCENT
86697,4,4.2,4.2.1,SE_DEV_ONTRK,"Proportion of children aged 36−59 months who are developmentally on track in at least three of the following domains: literacy-numeracy, physical development, social-emotional development, and learning (% of children aged 36-59 months)",50,Bangladesh,2019,78.0,2019,MICS,,M36T59,C,G,FEMALE,PERCENT
86698,4,4.2,4.2.1,SE_DEV_ONTRK,"Proportion of children aged 36−59 months who are developmentally on track in at least three of the following domains: literacy-numeracy, physical development, social-emotional development, and learning (% of children aged 36-59 months)",50,Bangladesh,2019,71.4,2019,MICS,,M36T59,C,G,MALE,PERCENT
86699,4,4.2,4.2.1,SE_DEV_ONTRK,"Proportion of children aged 36−59 months who are developmentally on track in at least three of the following domains: literacy-numeracy, physical development, social-emotional development, and learning (% of children aged 36-59 months)",52,Barbados,2012,96.6,2012,MICS,,M36T59,C,G,BOTHSEX,PERCENT
86700,4,4.2,4.2.1,SE_DEV_ONTRK,"Proportion of children aged 36−59 months who are developmentally on track in at least three of the following domains: literacy-numeracy, physical development, social-emotional development, and learning (% of children aged 36-59 months)",52,Barbados,2012,98.6,2012,MICS,,M36T59,C,G,FEMALE,PERCENT
86701,4,4.2,4.2.1,SE_DEV_ONTRK,"Proportion of children aged 36−59 months who are developmentally on track in at least three of the following domains: literacy-numeracy, physical development, social-emotional development, and learning (% of children aged 36-59 months)",52,Barbados,2012,94.8,2012,MICS,,M36T59,C,G,MALE,PERCENT
86702,4,4.2,4.2.1,SE_DEV_ONTRK,"Proportion of children aged 36−59 months who are developmentally on track in at least three of the following domains: literacy-numeracy, physical development, social-emotional development, and learning (% of children aged 36-59 months)",64,Bhutan,2010,68.4,2010,MICS,,M36T59,C,G,MALE,PERCENT
86703,4,4.2,4.2.1,SE_DEV_ONTRK,"Proportion of children aged 36−59 months who are developmentally on track in at least three of the following domains: literacy-numeracy, physical development, social-emotional development, and learning (% of children aged 36-59 months)",64,Bhutan,2010,74.8,2010,MICS,,M36T59,C,G,FEMALE,PERCENT
86704,4,4.2,4.2.1,SE_DEV_ONTRK,"Proportion of children aged 36−59 months who are developmentally on track in at least three of the following domains: literacy-numeracy, physical development, social-emotional development, and learning (% of children aged 36-59 months)",64,Bhutan,2010,71.5,2010,MICS,,M36T59,C,G,BOTHSEX,PERCENT
86705,4,4.2,4.2.1,SE_DEV_ONTRK,"Proportion of children aged 36−59 months who are developmentally on track in at least three of the following domains: literacy-numeracy, physical development, social-emotional development, and learning (% of children aged 36-59 months)",70,Bosnia and Herzegovina,2012,96.4,2011-2012,MICS,,M36T59,C,G,BOTHSEX,PERCENT
86706,4,4.2,4.2.1,SE_DEV_ONTRK,"Proportion of children aged 36−59 months who are developmentally on track in at least three of the following domains: literacy-numeracy, physical development, social-emotional development, and learning (% of children aged 36-59 months)",70,Bosnia and Herzegovina,2012,95.3,2011-2012,MICS,,M36T59,C,G,MALE,PERCENT
86707,4,4.2,4.2.1,SE_DEV_ONTRK,"Proportion of children aged 36−59 months who are developmentally on track in at least three of the following domains: literacy-numeracy, physical development, social-emotional development, and learning (% of children aged 36-59 months)",70,Bosnia and Herzegovina,2012,97.6,2011-2012,MICS,,M36T59,C,G,FEMALE,PERCENT
86708,4,4.2,4.2.1,SE_DEV_ONTRK,"Proportion of children aged 36−59 months who are developmentally on track in at least three of the following domains: literacy-numeracy, physical development, social-emotional development, and learning (% of children aged 36-59 months)",84,Belize,2015,85.2,2015,MICS,,M36T59,C,G,FEMALE,PERCENT
86709,4,4.2,4.2.1,SE_DEV_ONTRK,"Proportion of children aged 36−59 months who are developmentally on track in at least three of the following domains: literacy-numeracy, physical development, social-emotional development, and learning (% of children aged 36-59 months)",84,Belize,2015,80.0,2015,MICS,,M36T59,C,G,MALE,PERCENT
86710,4,4.2,4.2.1,SE_DEV_ONTRK,"Proportion of children aged 36−59 months who are developmentally on track in at least three of the following domains: literacy-numeracy, physical development, social-emotional development, and learning (% of children aged 36-59 months)",84,Belize,2015,82.5,2015,MICS,,M36T59,C,G,BOTHSEX,PERCENT
86711,4,4.2,4.2.1,SE_DEV_ONTRK,"Proportion of children aged 36−59 months who are developmentally on track in at least three of the following domains: literacy-numeracy, physical development, social-emotional development, and learning (% of children aged 36-59 months)",108,Burundi,2017,45.5,2016-2017,DHS ,Based on youngest child aged 36-59 months in the household,M36T59,CA,G,FEMALE,PERCENT
86712,4,4.2,4.2.1,SE_DEV_ONTRK,"Proportion of children aged 36−59 months who are developmentally on track in at least three of the following domains: literacy-numeracy, physical development, social-emotional development, and learning (% of children aged 36-59 months)",108,Burundi,2017,33.6,2016-2017,DHS ,Based on youngest child aged 36-59 months in the household,M36T59,CA,G,MALE,PERCENT
86713,4,4.2,4.2.1,SE_DEV_ONTRK,"Proportion of children aged 36−59 months who are developmentally on track in at least three of the following domains: literacy-numeracy, physical development, social-emotional development, and learning (% of children aged 36-59 months)",108,Burundi,2017,39.6,2016-2017,DHS ,Based on youngest child aged 36-59 months in the household,M36T59,CA,G,BOTHSEX,PERCENT
86714,4,4.2,4.2.1,SE_DEV_ONTRK,"Proportion of children aged 36−59 months who are developmentally on track in at least three of the following domains: literacy-numeracy, physical development, social-emotional development, and learning (% of children aged 36-59 months)",112,Belarus,2019,89.0,2019,MICS,,M36T59,C,G,FEMALE,PERCENT
86715,4,4.2,4.2.1,SE_DEV_ONTRK,"Proportion of children aged 36−59 months who are developmentally on track in at least three of the following domains: literacy-numeracy, physical development, social-emotional development, and learning (% of children aged 36-59 months)",112,Belarus,2019,84.0,2019,MICS,,M36T59,C,G,MALE,PERCENT
86716,4,4.2,4.2.1,SE_DEV_ONTRK,"Proportion of children aged 36−59 months who are developmentally on track in at least three of the following domains: literacy-numeracy, physical development, social-emotional development, and learning (% of children aged 36-59 months)",112,Belarus,2019,87.0,2019,MICS,,M36T59,C,G,BOTHSEX,PERCENT
86717,4,4.2,4.2.1,SE_DEV_ONTRK,"Proportion of children aged 36−59 months who are developmentally on track in at least three of the following domains: literacy-numeracy, physical development, social-emotional development, and learning (% of children aged 36-59 months)",116,Cambodia,2014,73.5,2014,DHS ,Based on youngest child aged 36-59 months in the household,M36T59,CA,G,MALE,PERCENT
86718,4,4.2,4.2.1,SE_DEV_ONTRK,"Proportion of children aged 36−59 months who are developmentally on track in at least three of the following domains: literacy-numeracy, physical development, social-emotional development, and learning (% of children aged 36-59 months)",116,Cambodia,2014,73.1,2014,DHS ,Based on youngest child aged 36-59 months in the household,M36T59,CA,G,BOTHSEX,PERCENT
86719,4,4.2,4.2.1,SE_DEV_ONTRK,"Proportion of children aged 36−59 months who are developmentally on track in at least three of the following domains: literacy-numeracy, physical development, social-emotional development, and learning (% of children aged 36-59 months)",116,Cambodia,2014,72.8,2014,DHS ,Based on youngest child aged 36-59 months in the household,M36T59,CA,G,FEMALE,PERCENT
86720,4,4.2,4.2.1,SE_DEV_ONTRK,"Proportion of children aged 36−59 months who are developmentally on track in at least three of the following domains: literacy-numeracy, physical development, social-emotional development, and learning (% of children aged 36-59 months)",120,Cameroon,2014,63.3,2014,MICS,,M36T59,C,G,FEMALE,PERCENT
86721,4,4.2,4.2.1,SE_DEV_ONTRK,"Proportion of children aged 36−59 months who are developmentally on track in at least three of the following domains: literacy-numeracy, physical development, social-emotional development, and learning (% of children aged 36-59 months)",120,Cameroon,2014,59.1,2014,MICS,,M36T59,C,G,MALE,PERCENT
86722,4,4.2,4.2.1,SE_DEV_ONTRK,"Proportion of children aged 36−59 months who are developmentally on track in at least three of the following domains: literacy-numeracy, physical development, social-emotional development, and learning (% of children aged 36-59 months)",120,Cameroon,2014,61.2,2014,MICS,,M36T59,C,G,BOTHSEX,PERCENT
86723,4,4.2,4.2.1,SE_DEV_ONTRK,"Proportion of children aged 36−59 months who are developmentally on track in at least three of the following domains: literacy-numeracy, physical development, social-emotional development, and learning (% of children aged 36-59 months)",140,Central African Republic,2019,38.7,2018-2019,MICS,,M36T59,C,G,FEMALE,PERCENT
86724,4,4.2,4.2.1,SE_DEV_ONTRK,"Proportion of children aged 36−59 months who are developmentally on track in at least three of the following domains: literacy-numeracy, physical development, social-emotional development, and learning (% of children aged 36-59 months)",140,Central African Republic,2019,33.6,2018-2019,MICS,,M36T59,C,G,MALE,PERCENT
86725,4,4.2,4.2.1,SE_DEV_ONTRK,"Proportion of children aged 36−59 months who are developmentally on track in at least three of the following domains: literacy-numeracy, physical development, social-emotional development, and learning (% of children aged 36-59 months)",140,Central African Republic,2019,36.2,2018-2019,MICS,,M36T59,C,G,BOTHSEX,PERCENT
86726,4,4.2,4.2.1,SE_DEV_ONTRK,"Proportion of children aged 36−59 months who are developmentally on track in at least three of the following domains: literacy-numeracy, physical development, social-emotional development, and learning (% of children aged 36-59 months)",145,Western Asia,2020,76.3,2012-2020,"Demographic and Health Surveys (DHS), Multiple Indicator Cluster Surveys (MICS) and other national surveys ",Based on 7 countries with a population coverage of 54 per cent,M36T59,E,G,BOTHSEX,PERCENT
86727,4,4.2,4.2.1,SE_DEV_ONTRK,"Proportion of children aged 36−59 months who are developmentally on track in at least three of the following domains: literacy-numeracy, physical development, social-emotional development, and learning (% of children aged 36-59 months)",145,Western Asia,2020,79.1,2012-2020,"Demographic and Health Surveys (DHS), Multiple Indicator Cluster Surveys (MICS) and other national surveys ",Based on 7 countries with a population coverage of 54 per cent,M36T59,E,G,FEMALE,PERCENT
86728,4,4.2,4.2.1,SE_DEV_ONTRK,"Proportion of children aged 36−59 months who are developmentally on track in at least three of the following domains: literacy-numeracy, physical development, social-emotional development, and learning (% of children aged 36-59 months)",145,Western Asia,2020,73.6,2012-2020,"Demographic and Health Surveys (DHS), Multiple Indicator Cluster Surveys (MICS) and other national surveys ",Based on 7 countries with a population coverage of 54 per cent,M36T59,E,G,MALE,PERCENT
86729,4,4.2,4.2.1,SE_DEV_ONTRK,"Proportion of children aged 36−59 months who are developmentally on track in at least three of the following domains: literacy-numeracy, physical development, social-emotional development, and learning (% of children aged 36-59 months)",148,Chad,2019,42.7,2019,MICS,Based on oldest child aged 36-59 months in the household,M36T59,C,G,FEMALE,PERCENT
86730,4,4.2,4.2.1,SE_DEV_ONTRK,"Proportion of children aged 36−59 months who are developmentally on track in at least three of the following domains: literacy-numeracy, physical development, social-emotional development, and learning (% of children aged 36-59 months)",148,Chad,2019,44.9,2019,MICS,Based on oldest child aged 36-59 months in the household,M36T59,C,G,BOTHSEX,PERCENT
86731,4,4.2,4.2.1,SE_DEV_ONTRK,"Proportion of children aged 36−59 months who are developmentally on track in at least three of the following domains: literacy-numeracy, physical development, social-emotional development, and learning (% of children aged 36-59 months)",148,Chad,2019,47.1,2019,MICS,Based on oldest child aged 36-59 months in the household,M36T59,C,G,MALE,PERCENT
86732,4,4.2,4.2.1,SE_DEV_ONTRK,"Proportion of children aged 36−59 months who are developmentally on track in at least three of the following domains: literacy-numeracy, physical development, social-emotional development, and learning (% of children aged 36-59 months)",178,Congo,2015,56.8,2014-2015,MICS,,M36T59,C,G,MALE,PERCENT
86733,4,4.2,4.2.1,SE_DEV_ONTRK,"Proportion of children aged 36−59 months who are developmentally on track in at least three of the following domains: literacy-numeracy, physical development, social-emotional development, and learning (% of children aged 36-59 months)",178,Congo,2015,60.8,2014-2015,MICS,,M36T59,C,G,BOTHSEX,PERCENT
86734,4,4.2,4.2.1,SE_DEV_ONTRK,"Proportion of children aged 36−59 months who are developmentally on track in at least three of the following domains: literacy-numeracy, physical development, social-emotional development, and learning (% of children aged 36-59 months)",178,Congo,2015,65.1,2014-2015,MICS,,M36T59,C,G,FEMALE,PERCENT
86735,4,4.2,4.2.1,SE_DEV_ONTRK,"Proportion of children aged 36−59 months who are developmentally on track in at least three of the following domains: literacy-numeracy, physical development, social-emotional development, and learning (% of children aged 36-59 months)",180,Democratic Republic of the Congo,2018,57.2,2017-2018,MICS,Based on youngest child aged 36-59 months in the household,M36T59,C,G,FEMALE,PERCENT
86736,4,4.2,4.2.1,SE_DEV_ONTRK,"Proportion of children aged 36−59 months who are developmentally on track in at least three of the following domains: literacy-numeracy, physical development, social-emotional development, and learning (% of children aged 36-59 months)",180,Democratic Republic of the Congo,2018,56.7,2017-2018,MICS,Based on youngest child aged 36-59 months in the household,M36T59,C,G,BOTHSEX,PERCENT
86737,4,4.2,4.2.1,SE_DEV_ONTRK,"Proportion of children aged 36−59 months who are developmentally on track in at least three of the following domains: literacy-numeracy, physical development, social-emotional development, and learning (% of children aged 36-59 months)",180,Democratic Republic of the Congo,2018,56.2,2017-2018,MICS,Based on youngest child aged 36-59 months in the household,M36T59,C,G,MALE,PERCENT
86738,4,4.2,4.2.1,SE_DEV_ONTRK,"Proportion of children aged 36−59 months who are developmentally on track in at least three of the following domains: literacy-numeracy, physical development, social-emotional development, and learning (% of children aged 36-59 months)",188,Costa Rica,2018,85.5,2018,MICS,,M36T59,C,G,BOTHSEX,PERCENT
86739,4,4.2,4.2.1,SE_DEV_ONTRK,"Proportion of children aged 36−59 months who are developmentally on track in at least three of the following domains: literacy-numeracy, physical development, social-emotional development, and learning (% of children aged 36-59 months)",188,Costa Rica,2018,89.5,2018,MICS,,M36T59,C,G,FEMALE,PERCENT
86740,4,4.2,4.2.1,SE_DEV_ONTRK,"Proportion of children aged 36−59 months who are developmentally on track in at least three of the following domains: literacy-numeracy, physical development, social-emotional development, and learning (% of children aged 36-59 months)",188,Costa Rica,2018,81.8,2018,MICS,,M36T59,C,G,MALE,PERCENT
86741,4,4.2,4.2.1,SE_DEV_ONTRK,"Proportion of children aged 36−59 months who are developmentally on track in at least three of the following domains: literacy-numeracy, physical development, social-emotional development, and learning (% of children aged 36-59 months)",192,Cuba,2019,94.0,2019,MICS,,M36T59,C,G,MALE,PERCENT
86742,4,4.2,4.2.1,SE_DEV_ONTRK,"Proportion of children aged 36−59 months who are developmentally on track in at least three of the following domains: literacy-numeracy, physical development, social-emotional development, and learning (% of children aged 36-59 months)",192,Cuba,2019,94.7,2019,MICS,,M36T59,C,G,BOTHSEX,PERCENT
86743,4,4.2,4.2.1,SE_DEV_ONTRK,"Proportion of children aged 36−59 months who are developmentally on track in at least three of the following domains: literacy-numeracy, physical development, social-emotional development, and learning (% of children aged 36-59 months)",192,Cuba,2019,95.4,2019,MICS,,M36T59,C,G,FEMALE,PERCENT
86744,4,4.2,4.2.1,SE_DEV_ONTRK,"Proportion of children aged 36−59 months who are developmentally on track in at least three of the following domains: literacy-numeracy, physical development, social-emotional development, and learning (% of children aged 36-59 months)",202,Sub-Saharan Africa,2020,60.3,2012-2020,"Demographic and Health Surveys (DHS), Multiple Indicator Cluster Surveys (MICS) and other national surveys ",Based on 26 countries with a population coverage of 60 per cent,M36T59,E,G,BOTHSEX,PERCENT
86745,4,4.2,4.2.1,SE_DEV_ONTRK,"Proportion of children aged 36−59 months who are developmentally on track in at least three of the following domains: literacy-numeracy, physical development, social-emotional development, and learning (% of children aged 36-59 months)",202,Sub-Saharan Africa,2020,58.9,2012-2020,"Demographic and Health Surveys (DHS), Multiple Indicator Cluster Surveys (MICS) and other national surveys ",Based on 26 countries with a population coverage of 60 per cent,M36T59,E,G,MALE,PERCENT
86746,4,4.2,4.2.1,SE_DEV_ONTRK,"Proportion of children aged 36−59 months who are developmentally on track in at least three of the following domains: literacy-numeracy, physical development, social-emotional development, and learning (% of children aged 36-59 months)",202,Sub-Saharan Africa,2020,61.7,2012-2020,"Demographic and Health Surveys (DHS), Multiple Indicator Cluster Surveys (MICS) and other national surveys ",Based on 26 countries with a population coverage of 60 per cent,M36T59,E,G,FEMALE,PERCENT
86747,4,4.2,4.2.1,SE_DEV_ONTRK,"Proportion of children aged 36−59 months who are developmentally on track in at least three of the following domains: literacy-numeracy, physical development, social-emotional development, and learning (% of children aged 36-59 months)",204,Benin,2018,53.6,2017-2018,DHS ,Based on youngest child aged 36-59 months in the household,M36T59,CA,G,BOTHSEX,PERCENT
86748,4,4.2,4.2.1,SE_DEV_ONTRK,"Proportion of children aged 36−59 months who are developmentally on track in at least three of the following domains: literacy-numeracy, physical development, social-emotional development, and learning (% of children aged 36-59 months)",204,Benin,2018,51.5,2017-2018,DHS ,Based on youngest child aged 36-59 months in the household,M36T59,CA,G,MALE,PERCENT
86749,4,4.2,4.2.1,SE_DEV_ONTRK,"Proportion of children aged 36−59 months who are developmentally on track in at least three of the following domains: literacy-numeracy, physical development, social-emotional development, and learning (% of children aged 36-59 months)",204,Benin,2018,55.9,2017-2018,DHS ,Based on youngest child aged 36-59 months in the household,M36T59,CA,G,FEMALE,PERCENT
86750,4,4.2,4.2.1,SE_DEV_ONTRK,"Proportion of children aged 36−59 months who are developmentally on track in at least three of the following domains: literacy-numeracy, physical development, social-emotional development, and learning (% of children aged 36-59 months)",214,Dominican Republic,2014,85.6,2014,MICS,,M36T59,C,G,FEMALE,PERCENT
86751,4,4.2,4.2.1,SE_DEV_ONTRK,"Proportion of children aged 36−59 months who are developmentally on track in at least three of the following domains: literacy-numeracy, physical development, social-emotional development, and learning (% of children aged 36-59 months)",214,Dominican Republic,2014,83.1,2014,MICS,,M36T59,C,G,MALE,PERCENT
86752,4,4.2,4.2.1,SE_DEV_ONTRK,"Proportion of children aged 36−59 months who are developmentally on track in at least three of the following domains: literacy-numeracy, physical development, social-emotional development, and learning (% of children aged 36-59 months)",214,Dominican Republic,2014,84.4,2014,MICS,,M36T59,C,G,BOTHSEX,PERCENT
86753,4,4.2,4.2.1,SE_DEV_ONTRK,"Proportion of children aged 36−59 months who are developmentally on track in at least three of the following domains: literacy-numeracy, physical development, social-emotional development, and learning (% of children aged 36-59 months)",222,El Salvador,2014,79.1,2014,ENS/MICS,,M36T59,C,G,MALE,PERCENT
86754,4,4.2,4.2.1,SE_DEV_ONTRK,"Proportion of children aged 36−59 months who are developmentally on track in at least three of the following domains: literacy-numeracy, physical development, social-emotional development, and learning (% of children aged 36-59 months)",222,El Salvador,2014,81.0,2014,ENS/MICS,,M36T59,C,G,BOTHSEX,PERCENT
86755,4,4.2,4.2.1,SE_DEV_ONTRK,"Proportion of children aged 36−59 months who are developmentally on track in at least three of the following domains: literacy-numeracy, physical development, social-emotional development, and learning (% of children aged 36-59 months)",222,El Salvador,2014,82.9,2014,ENS/MICS,,M36T59,C,G,FEMALE,PERCENT
86756,4,4.2,4.2.1,SE_DEV_ONTRK,"Proportion of children aged 36−59 months who are developmentally on track in at least three of the following domains: literacy-numeracy, physical development, social-emotional development, and learning (% of children aged 36-59 months)",268,Georgia,2018,90.8,2018,MICS,,M36T59,C,G,MALE,PERCENT
86757,4,4.2,4.2.1,SE_DEV_ONTRK,"Proportion of children aged 36−59 months who are developmentally on track in at least three of the following domains: literacy-numeracy, physical development, social-emotional development, and learning (% of children aged 36-59 months)",268,Georgia,2018,88.5,2018,MICS,,M36T59,C,G,FEMALE,PERCENT
86758,4,4.2,4.2.1,SE_DEV_ONTRK,"Proportion of children aged 36−59 months who are developmentally on track in at least three of the following domains: literacy-numeracy, physical development, social-emotional development, and learning (% of children aged 36-59 months)",268,Georgia,2018,89.6,2018,MICS,,M36T59,C,G,BOTHSEX,PERCENT
86759,4,4.2,4.2.1,SE_DEV_ONTRK,"Proportion of children aged 36−59 months who are developmentally on track in at least three of the following domains: literacy-numeracy, physical development, social-emotional development, and learning (% of children aged 36-59 months)",270,Gambia,2018,67.0,2018,MICS,,M36T59,C,G,BOTHSEX,PERCENT
86760,4,4.2,4.2.1,SE_DEV_ONTRK,"Proportion of children aged 36−59 months who are developmentally on track in at least three of the following domains: literacy-numeracy, physical development, social-emotional development, and learning (% of children aged 36-59 months)",270,Gambia,2018,69.0,2018,MICS,,M36T59,C,G,FEMALE,PERCENT
86761,4,4.2,4.2.1,SE_DEV_ONTRK,"Proportion of children aged 36−59 months who are developmentally on track in at least three of the following domains: literacy-numeracy, physical development, social-emotional development, and learning (% of children aged 36-59 months)",270,Gambia,2018,65.2,2018,MICS,,M36T59,C,G,MALE,PERCENT
86762,4,4.2,4.2.1,SE_DEV_ONTRK,"Proportion of children aged 36−59 months who are developmentally on track in at least three of the following domains: literacy-numeracy, physical development, social-emotional development, and learning (% of children aged 36-59 months)",275,State of Palestine,2020,83.9,2019-2020,MICS,,M36T59,C,G,BOTHSEX,PERCENT
86763,4,4.2,4.2.1,SE_DEV_ONTRK,"Proportion of children aged 36−59 months who are developmentally on track in at least three of the following domains: literacy-numeracy, physical development, social-emotional development, and learning (% of children aged 36-59 months)",275,State of Palestine,2020,81.7,2019-2020,MICS,,M36T59,C,G,MALE,PERCENT
86764,4,4.2,4.2.1,SE_DEV_ONTRK,"Proportion of children aged 36−59 months who are developmentally on track in at least three of the following domains: literacy-numeracy, physical development, social-emotional development, and learning (% of children aged 36-59 months)",275,State of Palestine,2020,86.2,2019-2020,MICS,,M36T59,C,G,FEMALE,PERCENT
86765,4,4.2,4.2.1,SE_DEV_ONTRK,"Proportion of children aged 36−59 months who are developmentally on track in at least three of the following domains: literacy-numeracy, physical development, social-emotional development, and learning (% of children aged 36-59 months)",288,Ghana,2018,68.4,2017-2018,MICS,,M36T59,C,G,BOTHSEX,PERCENT
86766,4,4.2,4.2.1,SE_DEV_ONTRK,"Proportion of children aged 36−59 months who are developmentally on track in at least three of the following domains: literacy-numeracy, physical development, social-emotional development, and learning (% of children aged 36-59 months)",288,Ghana,2018,71.9,2017-2018,MICS,,M36T59,C,G,FEMALE,PERCENT
86767,4,4.2,4.2.1,SE_DEV_ONTRK,"Proportion of children aged 36−59 months who are developmentally on track in at least three of the following domains: literacy-numeracy, physical development, social-emotional development, and learning (% of children aged 36-59 months)",288,Ghana,2018,64.6,2017-2018,MICS,,M36T59,C,G,MALE,PERCENT
86768,4,4.2,4.2.1,SE_DEV_ONTRK,"Proportion of children aged 36−59 months who are developmentally on track in at least three of the following domains: literacy-numeracy, physical development, social-emotional development, and learning (% of children aged 36-59 months)",296,Kiribati,2019,79.9,2018-2019,MICS,,M36T59,C,G,BOTHSEX,PERCENT
86769,4,4.2,4.2.1,SE_DEV_ONTRK,"Proportion of children aged 36−59 months who are developmentally on track in at least three of the following domains: literacy-numeracy, physical development, social-emotional development, and learning (% of children aged 36-59 months)",296,Kiribati,2019,81.9,2018-2019,MICS,,M36T59,C,G,FEMALE,PERCENT
86770,4,4.2,4.2.1,SE_DEV_ONTRK,"Proportion of children aged 36−59 months who are developmentally on track in at least three of the following domains: literacy-numeracy, physical development, social-emotional development, and learning (% of children aged 36-59 months)",296,Kiribati,2019,77.9,2018-2019,MICS,,M36T59,C,G,MALE,PERCENT
86771,4,4.2,4.2.1,SE_DEV_ONTRK,"Proportion of children aged 36−59 months who are developmentally on track in at least three of the following domains: literacy-numeracy, physical development, social-emotional development, and learning (% of children aged 36-59 months)",324,Guinea,2016,48.9,2016,MICS,,M36T59,C,G,BOTHSEX,PERCENT
86772,4,4.2,4.2.1,SE_DEV_ONTRK,"Proportion of children aged 36−59 months who are developmentally on track in at least three of the following domains: literacy-numeracy, physical development, social-emotional development, and learning (% of children aged 36-59 months)",324,Guinea,2016,50.4,2016,MICS,,M36T59,C,G,FEMALE,PERCENT
86773,4,4.2,4.2.1,SE_DEV_ONTRK,"Proportion of children aged 36−59 months who are developmentally on track in at least three of the following domains: literacy-numeracy, physical development, social-emotional development, and learning (% of children aged 36-59 months)",324,Guinea,2016,47.5,2016,MICS,,M36T59,C,G,MALE,PERCENT
86774,4,4.2,4.2.1,SE_DEV_ONTRK,"Proportion of children aged 36−59 months who are developmentally on track in at least three of the following domains: literacy-numeracy, physical development, social-emotional development, and learning (% of children aged 36-59 months)",328,Guyana,2014,85.6,2014,MICS,,M36T59,C,G,BOTHSEX,PERCENT
86775,4,4.2,4.2.1,SE_DEV_ONTRK,"Proportion of children aged 36−59 months who are developmentally on track in at least three of the following domains: literacy-numeracy, physical development, social-emotional development, and learning (% of children aged 36-59 months)",328,Guyana,2014,84.9,2014,MICS,,M36T59,C,G,MALE,PERCENT
86776,4,4.2,4.2.1,SE_DEV_ONTRK,"Proportion of children aged 36−59 months who are developmentally on track in at least three of the following domains: literacy-numeracy, physical development, social-emotional development, and learning (% of children aged 36-59 months)",328,Guyana,2014,86.5,2014,MICS,,M36T59,C,G,FEMALE,PERCENT
86777,4,4.2,4.2.1,SE_DEV_ONTRK,"Proportion of children aged 36−59 months who are developmentally on track in at least three of the following domains: literacy-numeracy, physical development, social-emotional development, and learning (% of children aged 36-59 months)",332,Haiti,2017,65.4,2016-2017,DHS ,Based on youngest child aged 36-59 months in the household,M36T59,CA,G,BOTHSEX,PERCENT
86778,4,4.2,4.2.1,SE_DEV_ONTRK,"Proportion of children aged 36−59 months who are developmentally on track in at least three of the following domains: literacy-numeracy, physical development, social-emotional development, and learning (% of children aged 36-59 months)",332,Haiti,2017,69.4,2016-2017,DHS ,Based on youngest child aged 36-59 months in the household,M36T59,CA,G,FEMALE,PERCENT
86779,4,4.2,4.2.1,SE_DEV_ONTRK,"Proportion of children aged 36−59 months who are developmentally on track in at least three of the following domains: literacy-numeracy, physical development, social-emotional development, and learning (% of children aged 36-59 months)",332,Haiti,2017,61.8,2016-2017,DHS ,Based on youngest child aged 36-59 months in the household,M36T59,CA,G,MALE,PERCENT
86780,4,4.2,4.2.1,SE_DEV_ONTRK,"Proportion of children aged 36−59 months who are developmentally on track in at least three of the following domains: literacy-numeracy, physical development, social-emotional development, and learning (% of children aged 36-59 months)",340,Honduras,2012,66.7,2011-2012,DHS ,,M36T59,CA,G,FEMALE,PERCENT
86781,4,4.2,4.2.1,SE_DEV_ONTRK,"Proportion of children aged 36−59 months who are developmentally on track in at least three of the following domains: literacy-numeracy, physical development, social-emotional development, and learning (% of children aged 36-59 months)",340,Honduras,2012,63.7,2011-2012,DHS ,,M36T59,CA,G,MALE,PERCENT
86782,4,4.2,4.2.1,SE_DEV_ONTRK,"Proportion of children aged 36−59 months who are developmentally on track in at least three of the following domains: literacy-numeracy, physical development, social-emotional development, and learning (% of children aged 36-59 months)",340,Honduras,2012,65.1,2011-2012,DHS ,,M36T59,CA,G,BOTHSEX,PERCENT
86783,4,4.2,4.2.1,SE_DEV_ONTRK,"Proportion of children aged 36−59 months who are developmentally on track in at least three of the following domains: literacy-numeracy, physical development, social-emotional development, and learning (% of children aged 36-59 months)",360,Indonesia,2018,88.3,2018,RISKESDAS,,M36T59,C,G,BOTHSEX,PERCENT
86784,4,4.2,4.2.1,SE_DEV_ONTRK,"Proportion of children aged 36−59 months who are developmentally on track in at least three of the following domains: literacy-numeracy, physical development, social-emotional development, and learning (% of children aged 36-59 months)",368,Iraq,2018,80.2,2018,MICS,,M36T59,C,G,FEMALE,PERCENT
86785,4,4.2,4.2.1,SE_DEV_ONTRK,"Proportion of children aged 36−59 months who are developmentally on track in at least three of the following domains: literacy-numeracy, physical development, social-emotional development, and learning (% of children aged 36-59 months)",368,Iraq,2018,78.4,2018,MICS,,M36T59,C,G,MALE,PERCENT
86786,4,4.2,4.2.1,SE_DEV_ONTRK,"Proportion of children aged 36−59 months who are developmentally on track in at least three of the following domains: literacy-numeracy, physical development, social-emotional development, and learning (% of children aged 36-59 months)",368,Iraq,2018,79.3,2018,MICS,,M36T59,C,G,BOTHSEX,PERCENT
86787,4,4.2,4.2.1,SE_DEV_ONTRK,"Proportion of children aged 36−59 months who are developmentally on track in at least three of the following domains: literacy-numeracy, physical development, social-emotional development, and learning (% of children aged 36-59 months)",384,Côte d'Ivoire,2016,62.8,2016,MICS,,M36T59,C,G,BOTHSEX,PERCENT
86788,4,4.2,4.2.1,SE_DEV_ONTRK,"Proportion of children aged 36−59 months who are developmentally on track in at least three of the following domains: literacy-numeracy, physical development, social-emotional development, and learning (% of children aged 36-59 months)",384,Côte d'Ivoire,2016,64.8,2016,MICS,,M36T59,C,G,FEMALE,PERCENT
86789,4,4.2,4.2.1,SE_DEV_ONTRK,"Proportion of children aged 36−59 months who are developmentally on track in at least three of the following domains: literacy-numeracy, physical development, social-emotional development, and learning (% of children aged 36-59 months)",384,Côte d'Ivoire,2016,61.0,2016,MICS,,M36T59,C,G,MALE,PERCENT
86790,4,4.2,4.2.1,SE_DEV_ONTRK,"Proportion of children aged 36−59 months who are developmentally on track in at least three of the following domains: literacy-numeracy, physical development, social-emotional development, and learning (% of children aged 36-59 months)",388,Jamaica,2011,93.0,2011,MICS,,M36T59,C,G,FEMALE,PERCENT
86791,4,4.2,4.2.1,SE_DEV_ONTRK,"Proportion of children aged 36−59 months who are developmentally on track in at least three of the following domains: literacy-numeracy, physical development, social-emotional development, and learning (% of children aged 36-59 months)",388,Jamaica,2011,85.9,2011,MICS,,M36T59,C,G,MALE,PERCENT
86792,4,4.2,4.2.1,SE_DEV_ONTRK,"Proportion of children aged 36−59 months who are developmentally on track in at least three of the following domains: literacy-numeracy, physical development, social-emotional development, and learning (% of children aged 36-59 months)",388,Jamaica,2011,89.1,2011,MICS,,M36T59,C,G,BOTHSEX,PERCENT
86793,4,4.2,4.2.1,SE_DEV_ONTRK,"Proportion of children aged 36−59 months who are developmentally on track in at least three of the following domains: literacy-numeracy, physical development, social-emotional development, and learning (% of children aged 36-59 months)",398,Kazakhstan,2015,86.3,2015,MICS,,M36T59,C,G,FEMALE,PERCENT
86794,4,4.2,4.2.1,SE_DEV_ONTRK,"Proportion of children aged 36−59 months who are developmentally on track in at least three of the following domains: literacy-numeracy, physical development, social-emotional development, and learning (% of children aged 36-59 months)",398,Kazakhstan,2015,84.8,2015,MICS,,M36T59,C,G,MALE,PERCENT
86795,4,4.2,4.2.1,SE_DEV_ONTRK,"Proportion of children aged 36−59 months who are developmentally on track in at least three of the following domains: literacy-numeracy, physical development, social-emotional development, and learning (% of children aged 36-59 months)",398,Kazakhstan,2015,85.5,2015,MICS,,M36T59,C,G,BOTHSEX,PERCENT
86796,4,4.2,4.2.1,SE_DEV_ONTRK,"Proportion of children aged 36−59 months who are developmentally on track in at least three of the following domains: literacy-numeracy, physical development, social-emotional development, and learning (% of children aged 36-59 months)",400,Jordan,2018,75.8,2017-2018,DHS ,Based on youngest child aged 36-59 months in the household,M36T59,CA,G,FEMALE,PERCENT
86797,4,4.2,4.2.1,SE_DEV_ONTRK,"Proportion of children aged 36−59 months who are developmentally on track in at least three of the following domains: literacy-numeracy, physical development, social-emotional development, and learning (% of children aged 36-59 months)",400,Jordan,2018,66.1,2017-2018,DHS ,Based on youngest child aged 36-59 months in the household,M36T59,CA,G,MALE,PERCENT
86798,4,4.2,4.2.1,SE_DEV_ONTRK,"Proportion of children aged 36−59 months who are developmentally on track in at least three of the following domains: literacy-numeracy, physical development, social-emotional development, and learning (% of children aged 36-59 months)",400,Jordan,2018,70.7,2017-2018,DHS ,Based on youngest child aged 36-59 months in the household,M36T59,CA,G,BOTHSEX,PERCENT
86799,4,4.2,4.2.1,SE_DEV_ONTRK,"Proportion of children aged 36−59 months who are developmentally on track in at least three of the following domains: literacy-numeracy, physical development, social-emotional development, and learning (% of children aged 36-59 months)",408,Democratic People's Republic of Korea,2017,87.7,2017,MICS,,M36T59,C,G,BOTHSEX,PERCENT
86800,4,4.2,4.2.1,SE_DEV_ONTRK,"Proportion of children aged 36−59 months who are developmentally on track in at least three of the following domains: literacy-numeracy, physical development, social-emotional development, and learning (% of children aged 36-59 months)",408,Democratic People's Republic of Korea,2017,86.2,2017,MICS,,M36T59,C,G,MALE,PERCENT
86801,4,4.2,4.2.1,SE_DEV_ONTRK,"Proportion of children aged 36−59 months who are developmentally on track in at least three of the following domains: literacy-numeracy, physical development, social-emotional development, and learning (% of children aged 36-59 months)",408,Democratic People's Republic of Korea,2017,89.2,2017,MICS,,M36T59,C,G,FEMALE,PERCENT
86802,4,4.2,4.2.1,SE_DEV_ONTRK,"Proportion of children aged 36−59 months who are developmentally on track in at least three of the following domains: literacy-numeracy, physical development, social-emotional development, and learning (% of children aged 36-59 months)",417,Kyrgyzstan,2018,75.0,2018,MICS,,M36T59,C,G,FEMALE,PERCENT
86803,4,4.2,4.2.1,SE_DEV_ONTRK,"Proportion of children aged 36−59 months who are developmentally on track in at least three of the following domains: literacy-numeracy, physical development, social-emotional development, and learning (% of children aged 36-59 months)",417,Kyrgyzstan,2018,71.7,2018,MICS,,M36T59,C,G,BOTHSEX,PERCENT
86804,4,4.2,4.2.1,SE_DEV_ONTRK,"Proportion of children aged 36−59 months who are developmentally on track in at least three of the following domains: literacy-numeracy, physical development, social-emotional development, and learning (% of children aged 36-59 months)",417,Kyrgyzstan,2018,68.2,2018,MICS,,M36T59,C,G,MALE,PERCENT
86805,4,4.2,4.2.1,SE_DEV_ONTRK,"Proportion of children aged 36−59 months who are developmentally on track in at least three of the following domains: literacy-numeracy, physical development, social-emotional development, and learning (% of children aged 36-59 months)",418,Lao People's Democratic Republic,2017,89.1,2017,MICS,,M36T59,C,G,BOTHSEX,PERCENT
86806,4,4.2,4.2.1,SE_DEV_ONTRK,"Proportion of children aged 36−59 months who are developmentally on track in at least three of the following domains: literacy-numeracy, physical development, social-emotional development, and learning (% of children aged 36-59 months)",418,Lao People's Democratic Republic,2017,87.7,2017,MICS,,M36T59,C,G,MALE,PERCENT
86807,4,4.2,4.2.1,SE_DEV_ONTRK,"Proportion of children aged 36−59 months who are developmentally on track in at least three of the following domains: literacy-numeracy, physical development, social-emotional development, and learning (% of children aged 36-59 months)",418,Lao People's Democratic Republic,2017,90.6,2017,MICS,,M36T59,C,G,FEMALE,PERCENT
86808,4,4.2,4.2.1,SE_DEV_ONTRK,"Proportion of children aged 36−59 months who are developmentally on track in at least three of the following domains: literacy-numeracy, physical development, social-emotional development, and learning (% of children aged 36-59 months)",426,Lesotho,2018,77.7,2018,MICS,,M36T59,C,G,FEMALE,PERCENT
86809,4,4.2,4.2.1,SE_DEV_ONTRK,"Proportion of children aged 36−59 months who are developmentally on track in at least three of the following domains: literacy-numeracy, physical development, social-emotional development, and learning (% of children aged 36-59 months)",426,Lesotho,2018,73.1,2018,MICS,,M36T59,C,G,BOTHSEX,PERCENT
86810,4,4.2,4.2.1,SE_DEV_ONTRK,"Proportion of children aged 36−59 months who are developmentally on track in at least three of the following domains: literacy-numeracy, physical development, social-emotional development, and learning (% of children aged 36-59 months)",426,Lesotho,2018,68.1,2018,MICS,,M36T59,C,G,MALE,PERCENT
86811,4,4.2,4.2.1,SE_DEV_ONTRK,"Proportion of children aged 36−59 months who are developmentally on track in at least three of the following domains: literacy-numeracy, physical development, social-emotional development, and learning (% of children aged 36-59 months)",450,Madagascar,2018,66.5,2018,MICS,,M36T59,C,G,BOTHSEX,PERCENT
86812,4,4.2,4.2.1,SE_DEV_ONTRK,"Proportion of children aged 36−59 months who are developmentally on track in at least three of the following domains: literacy-numeracy, physical development, social-emotional development, and learning (% of children aged 36-59 months)",450,Madagascar,2018,65.3,2018,MICS,,M36T59,C,G,MALE,PERCENT
86813,4,4.2,4.2.1,SE_DEV_ONTRK,"Proportion of children aged 36−59 months who are developmentally on track in at least three of the following domains: literacy-numeracy, physical development, social-emotional development, and learning (% of children aged 36-59 months)",450,Madagascar,2018,67.8,2018,MICS,,M36T59,C,G,FEMALE,PERCENT
86814,4,4.2,4.2.1,SE_DEV_ONTRK,"Proportion of children aged 36−59 months who are developmentally on track in at least three of the following domains: literacy-numeracy, physical development, social-emotional development, and learning (% of children aged 36-59 months)",454,Malawi,2014,59.8,2013-2014,MICS,,M36T59,C,G,BOTHSEX,PERCENT
86815,4,4.2,4.2.1,SE_DEV_ONTRK,"Proportion of children aged 36−59 months who are developmentally on track in at least three of the following domains: literacy-numeracy, physical development, social-emotional development, and learning (% of children aged 36-59 months)",454,Malawi,2014,64.0,2013-2014,MICS,,M36T59,C,G,FEMALE,PERCENT
86816,4,4.2,4.2.1,SE_DEV_ONTRK,"Proportion of children aged 36−59 months who are developmentally on track in at least three of the following domains: literacy-numeracy, physical development, social-emotional development, and learning (% of children aged 36-59 months)",454,Malawi,2014,55.7,2013-2014,MICS,,M36T59,C,G,MALE,PERCENT
86817,4,4.2,4.2.1,SE_DEV_ONTRK,"Proportion of children aged 36−59 months who are developmentally on track in at least three of the following domains: literacy-numeracy, physical development, social-emotional development, and learning (% of children aged 36-59 months)",462,Maldives,2017,93.0,2016-2017,DHS ,Based on youngest child aged 36-59 months in the household,M36T59,CA,G,BOTHSEX,PERCENT
86818,4,4.2,4.2.1,SE_DEV_ONTRK,"Proportion of children aged 36−59 months who are developmentally on track in at least three of the following domains: literacy-numeracy, physical development, social-emotional development, and learning (% of children aged 36-59 months)",462,Maldives,2017,91.3,2016-2017,DHS ,Based on youngest child aged 36-59 months in the household,M36T59,CA,G,MALE,PERCENT
86819,4,4.2,4.2.1,SE_DEV_ONTRK,"Proportion of children aged 36−59 months who are developmentally on track in at least three of the following domains: literacy-numeracy, physical development, social-emotional development, and learning (% of children aged 36-59 months)",462,Maldives,2017,95.0,2016-2017,DHS ,Based on youngest child aged 36-59 months in the household,M36T59,CA,G,FEMALE,PERCENT
86820,4,4.2,4.2.1,SE_DEV_ONTRK,"Proportion of children aged 36−59 months who are developmentally on track in at least three of the following domains: literacy-numeracy, physical development, social-emotional development, and learning (% of children aged 36-59 months)",466,Mali,2015,59.8,2015,MICS,,M36T59,C,G,MALE,PERCENT
86821,4,4.2,4.2.1,SE_DEV_ONTRK,"Proportion of children aged 36−59 months who are developmentally on track in at least three of the following domains: literacy-numeracy, physical development, social-emotional development, and learning (% of children aged 36-59 months)",466,Mali,2015,63.4,2015,MICS,,M36T59,C,G,FEMALE,PERCENT
86822,4,4.2,4.2.1,SE_DEV_ONTRK,"Proportion of children aged 36−59 months who are developmentally on track in at least three of the following domains: literacy-numeracy, physical development, social-emotional development, and learning (% of children aged 36-59 months)",466,Mali,2015,61.6,2015,MICS,,M36T59,C,G,BOTHSEX,PERCENT
86823,4,4.2,4.2.1,SE_DEV_ONTRK,"Proportion of children aged 36−59 months who are developmentally on track in at least three of the following domains: literacy-numeracy, physical development, social-emotional development, and learning (% of children aged 36-59 months)",478,Mauritania,2015,58.2,2015,MICS,,M36T59,C,G,MALE,PERCENT
86824,4,4.2,4.2.1,SE_DEV_ONTRK,"Proportion of children aged 36−59 months who are developmentally on track in at least three of the following domains: literacy-numeracy, physical development, social-emotional development, and learning (% of children aged 36-59 months)",478,Mauritania,2015,61.8,2015,MICS,,M36T59,C,G,FEMALE,PERCENT
86825,4,4.2,4.2.1,SE_DEV_ONTRK,"Proportion of children aged 36−59 months who are developmentally on track in at least three of the following domains: literacy-numeracy, physical development, social-emotional development, and learning (% of children aged 36-59 months)",478,Mauritania,2015,60.0,2015,MICS,,M36T59,C,G,BOTHSEX,PERCENT
86826,4,4.2,4.2.1,SE_DEV_ONTRK,"Proportion of children aged 36−59 months who are developmentally on track in at least three of the following domains: literacy-numeracy, physical development, social-emotional development, and learning (% of children aged 36-59 months)",484,Mexico,2019,80.1,2018-2019,ENSANUT ,,M36T59,C,G,BOTHSEX,PERCENT
86827,4,4.2,4.2.1,SE_DEV_ONTRK,"Proportion of children aged 36−59 months who are developmentally on track in at least three of the following domains: literacy-numeracy, physical development, social-emotional development, and learning (% of children aged 36-59 months)",484,Mexico,2019,81.3,2018-2019,ENSANUT ,,M36T59,C,G,MALE,PERCENT
86828,4,4.2,4.2.1,SE_DEV_ONTRK,"Proportion of children aged 36−59 months who are developmentally on track in at least three of the following domains: literacy-numeracy, physical development, social-emotional development, and learning (% of children aged 36-59 months)",484,Mexico,2019,78.9,2018-2019,ENSANUT ,,M36T59,C,G,FEMALE,PERCENT
86829,4,4.2,4.2.1,SE_DEV_ONTRK,"Proportion of children aged 36−59 months who are developmentally on track in at least three of the following domains: literacy-numeracy, physical development, social-emotional development, and learning (% of children aged 36-59 months)",496,Mongolia,2018,75.7,2018,MICS,,M36T59,C,G,BOTHSEX,PERCENT
86830,4,4.2,4.2.1,SE_DEV_ONTRK,"Proportion of children aged 36−59 months who are developmentally on track in at least three of the following domains: literacy-numeracy, physical development, social-emotional development, and learning (% of children aged 36-59 months)",496,Mongolia,2018,71.8,2018,MICS,,M36T59,C,G,MALE,PERCENT
86831,4,4.2,4.2.1,SE_DEV_ONTRK,"Proportion of children aged 36−59 months who are developmentally on track in at least three of the following domains: literacy-numeracy, physical development, social-emotional development, and learning (% of children aged 36-59 months)",496,Mongolia,2018,80.0,2018,MICS,,M36T59,C,G,FEMALE,PERCENT
86832,4,4.2,4.2.1,SE_DEV_ONTRK,"Proportion of children aged 36−59 months who are developmentally on track in at least three of the following domains: literacy-numeracy, physical development, social-emotional development, and learning (% of children aged 36-59 months)",498,Republic of Moldova,2012,83.4,2012,MICS,,M36T59,C,G,MALE,PERCENT
86833,4,4.2,4.2.1,SE_DEV_ONTRK,"Proportion of children aged 36−59 months who are developmentally on track in at least three of the following domains: literacy-numeracy, physical development, social-emotional development, and learning (% of children aged 36-59 months)",498,Republic of Moldova,2012,84.2,2012,MICS,,M36T59,C,G,FEMALE,PERCENT
86834,4,4.2,4.2.1,SE_DEV_ONTRK,"Proportion of children aged 36−59 months who are developmentally on track in at least three of the following domains: literacy-numeracy, physical development, social-emotional development, and learning (% of children aged 36-59 months)",498,Republic of Moldova,2012,83.8,2012,MICS,,M36T59,C,G,BOTHSEX,PERCENT
86835,4,4.2,4.2.1,SE_DEV_ONTRK,"Proportion of children aged 36−59 months who are developmentally on track in at least three of the following domains: literacy-numeracy, physical development, social-emotional development, and learning (% of children aged 36-59 months)",499,Montenegro,2018,90.0,2018,MICS,,M36T59,C,G,MALE,PERCENT
86836,4,4.2,4.2.1,SE_DEV_ONTRK,"Proportion of children aged 36−59 months who are developmentally on track in at least three of the following domains: literacy-numeracy, physical development, social-emotional development, and learning (% of children aged 36-59 months)",499,Montenegro,2018,90.6,2018,MICS,,M36T59,C,G,FEMALE,PERCENT
86837,4,4.2,4.2.1,SE_DEV_ONTRK,"Proportion of children aged 36−59 months who are developmentally on track in at least three of the following domains: literacy-numeracy, physical development, social-emotional development, and learning (% of children aged 36-59 months)",499,Montenegro,2018,90.2,2018,MICS,,M36T59,C,G,BOTHSEX,PERCENT
86838,4,4.2,4.2.1,SE_DEV_ONTRK,"Proportion of children aged 36−59 months who are developmentally on track in at least three of the following domains: literacy-numeracy, physical development, social-emotional development, and learning (% of children aged 36-59 months)",512,Oman,2014,68.3,2014,MICS,,M36T59,C,G,BOTHSEX,PERCENT
86839,4,4.2,4.2.1,SE_DEV_ONTRK,"Proportion of children aged 36−59 months who are developmentally on track in at least three of the following domains: literacy-numeracy, physical development, social-emotional development, and learning (% of children aged 36-59 months)",512,Oman,2014,64.9,2014,MICS,,M36T59,C,G,MALE,PERCENT
86840,4,4.2,4.2.1,SE_DEV_ONTRK,"Proportion of children aged 36−59 months who are developmentally on track in at least three of the following domains: literacy-numeracy, physical development, social-emotional development, and learning (% of children aged 36-59 months)",512,Oman,2014,71.8,2014,MICS,,M36T59,C,G,FEMALE,PERCENT
86841,4,4.2,4.2.1,SE_DEV_ONTRK,"Proportion of children aged 36−59 months who are developmentally on track in at least three of the following domains: literacy-numeracy, physical development, social-emotional development, and learning (% of children aged 36-59 months)",524,Nepal,2019,65.2,2019,MICS,,M36T59,C,G,BOTHSEX,PERCENT
86842,4,4.2,4.2.1,SE_DEV_ONTRK,"Proportion of children aged 36−59 months who are developmentally on track in at least three of the following domains: literacy-numeracy, physical development, social-emotional development, and learning (% of children aged 36-59 months)",524,Nepal,2019,64.8,2019,MICS,,M36T59,C,G,MALE,PERCENT
86843,4,4.2,4.2.1,SE_DEV_ONTRK,"Proportion of children aged 36−59 months who are developmentally on track in at least three of the following domains: literacy-numeracy, physical development, social-emotional development, and learning (% of children aged 36-59 months)",524,Nepal,2019,65.6,2019,MICS,,M36T59,C,G,FEMALE,PERCENT
86844,4,4.2,4.2.1,SE_DEV_ONTRK,"Proportion of children aged 36−59 months who are developmentally on track in at least three of the following domains: literacy-numeracy, physical development, social-emotional development, and learning (% of children aged 36-59 months)",566,Nigeria,2017,61.2,2016-2017,MICS,,M36T59,C,G,BOTHSEX,PERCENT
86845,4,4.2,4.2.1,SE_DEV_ONTRK,"Proportion of children aged 36−59 months who are developmentally on track in at least three of the following domains: literacy-numeracy, physical development, social-emotional development, and learning (% of children aged 36-59 months)",566,Nigeria,2017,60.2,2016-2017,MICS,,M36T59,C,G,MALE,PERCENT
86846,4,4.2,4.2.1,SE_DEV_ONTRK,"Proportion of children aged 36−59 months who are developmentally on track in at least three of the following domains: literacy-numeracy, physical development, social-emotional development, and learning (% of children aged 36-59 months)",566,Nigeria,2017,62.2,2016-2017,MICS,,M36T59,C,G,FEMALE,PERCENT
86847,4,4.2,4.2.1,SE_DEV_ONTRK,"Proportion of children aged 36−59 months who are developmentally on track in at least three of the following domains: literacy-numeracy, physical development, social-emotional development, and learning (% of children aged 36-59 months)",584,Marshall Islands,2017,78.2,2017,ICHNS,,M36T59,C,G,FEMALE,PERCENT
86848,4,4.2,4.2.1,SE_DEV_ONTRK,"Proportion of children aged 36−59 months who are developmentally on track in at least three of the following domains: literacy-numeracy, physical development, social-emotional development, and learning (% of children aged 36-59 months)",584,Marshall Islands,2017,78.9,2017,ICHNS,,M36T59,C,G,BOTHSEX,PERCENT
86849,4,4.2,4.2.1,SE_DEV_ONTRK,"Proportion of children aged 36−59 months who are developmentally on track in at least three of the following domains: literacy-numeracy, physical development, social-emotional development, and learning (% of children aged 36-59 months)",584,Marshall Islands,2017,79.6,2017,ICHNS,,M36T59,C,G,MALE,PERCENT
86850,4,4.2,4.2.1,SE_DEV_ONTRK,"Proportion of children aged 36−59 months who are developmentally on track in at least three of the following domains: literacy-numeracy, physical development, social-emotional development, and learning (% of children aged 36-59 months)",591,Panama,2013,80.2,2013,MICS,,M36T59,C,G,BOTHSEX,PERCENT
86851,4,4.2,4.2.1,SE_DEV_ONTRK,"Proportion of children aged 36−59 months who are developmentally on track in at least three of the following domains: literacy-numeracy, physical development, social-emotional development, and learning (% of children aged 36-59 months)",591,Panama,2013,79.6,2013,MICS,,M36T59,C,G,MALE,PERCENT
86852,4,4.2,4.2.1,SE_DEV_ONTRK,"Proportion of children aged 36−59 months who are developmentally on track in at least three of the following domains: literacy-numeracy, physical development, social-emotional development, and learning (% of children aged 36-59 months)",591,Panama,2013,81.0,2013,MICS,,M36T59,C,G,FEMALE,PERCENT
86853,4,4.2,4.2.1,SE_DEV_ONTRK,"Proportion of children aged 36−59 months who are developmentally on track in at least three of the following domains: literacy-numeracy, physical development, social-emotional development, and learning (% of children aged 36-59 months)",600,Paraguay,2016,81.9,2016,MICS,,M36T59,C,G,BOTHSEX,PERCENT
86854,4,4.2,4.2.1,SE_DEV_ONTRK,"Proportion of children aged 36−59 months who are developmentally on track in at least three of the following domains: literacy-numeracy, physical development, social-emotional development, and learning (% of children aged 36-59 months)",600,Paraguay,2016,80.4,2016,MICS,,M36T59,C,G,MALE,PERCENT
86855,4,4.2,4.2.1,SE_DEV_ONTRK,"Proportion of children aged 36−59 months who are developmentally on track in at least three of the following domains: literacy-numeracy, physical development, social-emotional development, and learning (% of children aged 36-59 months)",600,Paraguay,2016,83.6,2016,MICS,,M36T59,C,G,FEMALE,PERCENT
86856,4,4.2,4.2.1,SE_DEV_ONTRK,"Proportion of children aged 36−59 months who are developmentally on track in at least three of the following domains: literacy-numeracy, physical development, social-emotional development, and learning (% of children aged 36-59 months)",624,Guinea-Bissau,2019,73.2,2018-2019,MICS,,M36T59,C,G,BOTHSEX,PERCENT
86857,4,4.2,4.2.1,SE_DEV_ONTRK,"Proportion of children aged 36−59 months who are developmentally on track in at least three of the following domains: literacy-numeracy, physical development, social-emotional development, and learning (% of children aged 36-59 months)",624,Guinea-Bissau,2019,71.8,2018-2019,MICS,,M36T59,C,G,MALE,PERCENT
86858,4,4.2,4.2.1,SE_DEV_ONTRK,"Proportion of children aged 36−59 months who are developmentally on track in at least three of the following domains: literacy-numeracy, physical development, social-emotional development, and learning (% of children aged 36-59 months)",624,Guinea-Bissau,2019,74.7,2018-2019,MICS,,M36T59,C,G,FEMALE,PERCENT
86859,4,4.2,4.2.1,SE_DEV_ONTRK,"Proportion of children aged 36−59 months who are developmentally on track in at least three of the following domains: literacy-numeracy, physical development, social-emotional development, and learning (% of children aged 36-59 months)",626,Timor-Leste,2016,53.2,2016,DHS ,Based on youngest child aged 36-47 months in the household,M36T47,CA,G,BOTHSEX,PERCENT
86860,4,4.2,4.2.1,SE_DEV_ONTRK,"Proportion of children aged 36−59 months who are developmentally on track in at least three of the following domains: literacy-numeracy, physical development, social-emotional development, and learning (% of children aged 36-59 months)",626,Timor-Leste,2016,50.9,2016,DHS ,Based on youngest child aged 36-47 months in the household,M36T47,CA,G,MALE,PERCENT
86861,4,4.2,4.2.1,SE_DEV_ONTRK,"Proportion of children aged 36−59 months who are developmentally on track in at least three of the following domains: literacy-numeracy, physical development, social-emotional development, and learning (% of children aged 36-59 months)",626,Timor-Leste,2016,55.7,2016,DHS ,Based on youngest child aged 36-47 months in the household,M36T47,CA,G,FEMALE,PERCENT
86862,4,4.2,4.2.1,SE_DEV_ONTRK,"Proportion of children aged 36−59 months who are developmentally on track in at least three of the following domains: literacy-numeracy, physical development, social-emotional development, and learning (% of children aged 36-59 months)",634,Qatar,2012,85.4,2012,MICS,,M36T59,C,G,FEMALE,PERCENT
86863,4,4.2,4.2.1,SE_DEV_ONTRK,"Proportion of children aged 36−59 months who are developmentally on track in at least three of the following domains: literacy-numeracy, physical development, social-emotional development, and learning (% of children aged 36-59 months)",634,Qatar,2012,83.9,2012,MICS,,M36T59,C,G,BOTHSEX,PERCENT
86864,4,4.2,4.2.1,SE_DEV_ONTRK,"Proportion of children aged 36−59 months who are developmentally on track in at least three of the following domains: literacy-numeracy, physical development, social-emotional development, and learning (% of children aged 36-59 months)",634,Qatar,2012,82.6,2012,MICS,,M36T59,C,G,MALE,PERCENT
86865,4,4.2,4.2.1,SE_DEV_ONTRK,"Proportion of children aged 36−59 months who are developmentally on track in at least three of the following domains: literacy-numeracy, physical development, social-emotional development, and learning (% of children aged 36-59 months)",646,Rwanda,2015,70.9,2014-2015,DHS ,Based on youngest child aged 36-59 months in the household,M36T59,CA,G,BOTHSEX,PERCENT
86866,4,4.2,4.2.1,SE_DEV_ONTRK,"Proportion of children aged 36−59 months who are developmentally on track in at least three of the following domains: literacy-numeracy, physical development, social-emotional development, and learning (% of children aged 36-59 months)",646,Rwanda,2015,68.7,2014-2015,DHS ,Based on youngest child aged 36-59 months in the household,M36T59,CA,G,MALE,PERCENT
86867,4,4.2,4.2.1,SE_DEV_ONTRK,"Proportion of children aged 36−59 months who are developmentally on track in at least three of the following domains: literacy-numeracy, physical development, social-emotional development, and learning (% of children aged 36-59 months)",646,Rwanda,2015,73.1,2014-2015,DHS ,Based on youngest child aged 36-59 months in the household,M36T59,CA,G,FEMALE,PERCENT
86868,4,4.2,4.2.1,SE_DEV_ONTRK,"Proportion of children aged 36−59 months who are developmentally on track in at least three of the following domains: literacy-numeracy, physical development, social-emotional development, and learning (% of children aged 36-59 months)",662,Saint Lucia,2012,91.2,2012,MICS,,M36T59,C,G,MALE,PERCENT
86869,4,4.2,4.2.1,SE_DEV_ONTRK,"Proportion of children aged 36−59 months who are developmentally on track in at least three of the following domains: literacy-numeracy, physical development, social-emotional development, and learning (% of children aged 36-59 months)",662,Saint Lucia,2012,91.7,2012,MICS,,M36T59,C,G,FEMALE,PERCENT
86870,4,4.2,4.2.1,SE_DEV_ONTRK,"Proportion of children aged 36−59 months who are developmentally on track in at least three of the following domains: literacy-numeracy, physical development, social-emotional development, and learning (% of children aged 36-59 months)",662,Saint Lucia,2012,91.4,2012,MICS,,M36T59,C,G,BOTHSEX,PERCENT
86871,4,4.2,4.2.1,SE_DEV_ONTRK,"Proportion of children aged 36−59 months who are developmentally on track in at least three of the following domains: literacy-numeracy, physical development, social-emotional development, and learning (% of children aged 36-59 months)",678,Sao Tome and Principe,2019,62.9,2019,MICS,,M36T59,C,G,BOTHSEX,PERCENT
86872,4,4.2,4.2.1,SE_DEV_ONTRK,"Proportion of children aged 36−59 months who are developmentally on track in at least three of the following domains: literacy-numeracy, physical development, social-emotional development, and learning (% of children aged 36-59 months)",678,Sao Tome and Principe,2019,59.1,2019,MICS,,M36T59,C,G,MALE,PERCENT
86873,4,4.2,4.2.1,SE_DEV_ONTRK,"Proportion of children aged 36−59 months who are developmentally on track in at least three of the following domains: literacy-numeracy, physical development, social-emotional development, and learning (% of children aged 36-59 months)",678,Sao Tome and Principe,2019,66.5,2019,MICS,,M36T59,C,G,FEMALE,PERCENT
86874,4,4.2,4.2.1,SE_DEV_ONTRK,"Proportion of children aged 36−59 months who are developmentally on track in at least three of the following domains: literacy-numeracy, physical development, social-emotional development, and learning (% of children aged 36-59 months)",686,Senegal,2019,66.3,2019,Continuous DHS,Based on youngest child aged 36-59 months in the household,M36T59,CA,G,MALE,PERCENT
86875,4,4.2,4.2.1,SE_DEV_ONTRK,"Proportion of children aged 36−59 months who are developmentally on track in at least three of the following domains: literacy-numeracy, physical development, social-emotional development, and learning (% of children aged 36-59 months)",686,Senegal,2019,66.9,2019,Continuous DHS,Based on youngest child aged 36-59 months in the household,M36T59,CA,G,BOTHSEX,PERCENT
86876,4,4.2,4.2.1,SE_DEV_ONTRK,"Proportion of children aged 36−59 months who are developmentally on track in at least three of the following domains: literacy-numeracy, physical development, social-emotional development, and learning (% of children aged 36-59 months)",686,Senegal,2019,67.5,2019,Continuous DHS,Based on youngest child aged 36-59 months in the household,M36T59,CA,G,FEMALE,PERCENT
86877,4,4.2,4.2.1,SE_DEV_ONTRK,"Proportion of children aged 36−59 months who are developmentally on track in at least three of the following domains: literacy-numeracy, physical development, social-emotional development, and learning (% of children aged 36-59 months)",688,Serbia,2019,97.2,2019,MICS,,M36T59,C,G,BOTHSEX,PERCENT
86878,4,4.2,4.2.1,SE_DEV_ONTRK,"Proportion of children aged 36−59 months who are developmentally on track in at least three of the following domains: literacy-numeracy, physical development, social-emotional development, and learning (% of children aged 36-59 months)",688,Serbia,2019,95.9,2019,MICS,,M36T59,C,G,MALE,PERCENT
86879,4,4.2,4.2.1,SE_DEV_ONTRK,"Proportion of children aged 36−59 months who are developmentally on track in at least three of the following domains: literacy-numeracy, physical development, social-emotional development, and learning (% of children aged 36-59 months)",688,Serbia,2019,98.5,2019,MICS,,M36T59,C,G,FEMALE,PERCENT
86880,4,4.2,4.2.1,SE_DEV_ONTRK,"Proportion of children aged 36−59 months who are developmentally on track in at least three of the following domains: literacy-numeracy, physical development, social-emotional development, and learning (% of children aged 36-59 months)",694,Sierra Leone,2017,51.4,2017,MICS,,M36T59,C,G,BOTHSEX,PERCENT
86881,4,4.2,4.2.1,SE_DEV_ONTRK,"Proportion of children aged 36−59 months who are developmentally on track in at least three of the following domains: literacy-numeracy, physical development, social-emotional development, and learning (% of children aged 36-59 months)",694,Sierra Leone,2017,47.7,2017,MICS,,M36T59,C,G,MALE,PERCENT
86882,4,4.2,4.2.1,SE_DEV_ONTRK,"Proportion of children aged 36−59 months who are developmentally on track in at least three of the following domains: literacy-numeracy, physical development, social-emotional development, and learning (% of children aged 36-59 months)",694,Sierra Leone,2017,55.0,2017,MICS,,M36T59,C,G,FEMALE,PERCENT
86883,4,4.2,4.2.1,SE_DEV_ONTRK,"Proportion of children aged 36−59 months who are developmentally on track in at least three of the following domains: literacy-numeracy, physical development, social-emotional development, and learning (% of children aged 36-59 months)",704,Viet Nam,2014,88.2,2014,MICS,,M36T59,C,G,MALE,PERCENT
86884,4,4.2,4.2.1,SE_DEV_ONTRK,"Proportion of children aged 36−59 months who are developmentally on track in at least three of the following domains: literacy-numeracy, physical development, social-emotional development, and learning (% of children aged 36-59 months)",704,Viet Nam,2014,89.2,2014,MICS,,M36T59,C,G,FEMALE,PERCENT
86885,4,4.2,4.2.1,SE_DEV_ONTRK,"Proportion of children aged 36−59 months who are developmentally on track in at least three of the following domains: literacy-numeracy, physical development, social-emotional development, and learning (% of children aged 36-59 months)",704,Viet Nam,2014,88.7,2014,MICS,,M36T59,C,G,BOTHSEX,PERCENT
86886,4,4.2,4.2.1,SE_DEV_ONTRK,"Proportion of children aged 36−59 months who are developmentally on track in at least three of the following domains: literacy-numeracy, physical development, social-emotional development, and learning (% of children aged 36-59 months)",716,Zimbabwe,2019,70.8,2019,MICS,,M36T59,C,G,BOTHSEX,PERCENT
86887,4,4.2,4.2.1,SE_DEV_ONTRK,"Proportion of children aged 36−59 months who are developmentally on track in at least three of the following domains: literacy-numeracy, physical development, social-emotional development, and learning (% of children aged 36-59 months)",716,Zimbabwe,2019,68.1,2019,MICS,,M36T59,C,G,MALE,PERCENT
86888,4,4.2,4.2.1,SE_DEV_ONTRK,"Proportion of children aged 36−59 months who are developmentally on track in at least three of the following domains: literacy-numeracy, physical development, social-emotional development, and learning (% of children aged 36-59 months)",716,Zimbabwe,2019,73.5,2019,MICS,,M36T59,C,G,FEMALE,PERCENT
86889,4,4.2,4.2.1,SE_DEV_ONTRK,"Proportion of children aged 36−59 months who are developmentally on track in at least three of the following domains: literacy-numeracy, physical development, social-emotional development, and learning (% of children aged 36-59 months)",722,Small island developing States (SIDS),2020,77.0,2012-2020,"Demographic and Health Surveys (DHS), Multiple Indicator Cluster Surveys (MICS) and other national surveys ","Based on 16 countries with a population coverage of 63 per cent. Estimates for boys and girls are not directly comparable to the total, as they are based on a subset of countries with available data by sex.",M36T59,E,G,BOTHSEX,PERCENT
86890,4,4.2,4.2.1,SE_DEV_ONTRK,"Proportion of children aged 36−59 months who are developmentally on track in at least three of the following domains: literacy-numeracy, physical development, social-emotional development, and learning (% of children aged 36-59 months)",740,Suriname,2018,77.4,2018,MICS,,M36T59,C,G,BOTHSEX,PERCENT
86891,4,4.2,4.2.1,SE_DEV_ONTRK,"Proportion of children aged 36−59 months who are developmentally on track in at least three of the following domains: literacy-numeracy, physical development, social-emotional development, and learning (% of children aged 36-59 months)",740,Suriname,2018,82.8,2018,MICS,,M36T59,C,G,FEMALE,PERCENT
86892,4,4.2,4.2.1,SE_DEV_ONTRK,"Proportion of children aged 36−59 months who are developmentally on track in at least three of the following domains: literacy-numeracy, physical development, social-emotional development, and learning (% of children aged 36-59 months)",740,Suriname,2018,72.1,2018,MICS,,M36T59,C,G,MALE,PERCENT
86893,4,4.2,4.2.1,SE_DEV_ONTRK,"Proportion of children aged 36−59 months who are developmentally on track in at least three of the following domains: literacy-numeracy, physical development, social-emotional development, and learning (% of children aged 36-59 months)",748,Eswatini,2014,66.4,2014,MICS,,M36T59,C,G,FEMALE,PERCENT
86894,4,4.2,4.2.1,SE_DEV_ONTRK,"Proportion of children aged 36−59 months who are developmentally on track in at least three of the following domains: literacy-numeracy, physical development, social-emotional development, and learning (% of children aged 36-59 months)",748,Eswatini,2014,64.9,2014,MICS,,M36T59,C,G,BOTHSEX,PERCENT
86895,4,4.2,4.2.1,SE_DEV_ONTRK,"Proportion of children aged 36−59 months who are developmentally on track in at least three of the following domains: literacy-numeracy, physical development, social-emotional development, and learning (% of children aged 36-59 months)",748,Eswatini,2014,63.5,2014,MICS,,M36T59,C,G,MALE,PERCENT
86896,4,4.2,4.2.1,SE_DEV_ONTRK,"Proportion of children aged 36−59 months who are developmentally on track in at least three of the following domains: literacy-numeracy, physical development, social-emotional development, and learning (% of children aged 36-59 months)",764,Thailand,2019,95.0,2019,MICS,,M36T59,C,G,FEMALE,PERCENT
86897,4,4.2,4.2.1,SE_DEV_ONTRK,"Proportion of children aged 36−59 months who are developmentally on track in at least three of the following domains: literacy-numeracy, physical development, social-emotional development, and learning (% of children aged 36-59 months)",764,Thailand,2019,90.8,2019,MICS,,M36T59,C,G,MALE,PERCENT
86898,4,4.2,4.2.1,SE_DEV_ONTRK,"Proportion of children aged 36−59 months who are developmentally on track in at least three of the following domains: literacy-numeracy, physical development, social-emotional development, and learning (% of children aged 36-59 months)",764,Thailand,2019,92.9,2019,MICS,,M36T59,C,G,BOTHSEX,PERCENT
86899,4,4.2,4.2.1,SE_DEV_ONTRK,"Proportion of children aged 36−59 months who are developmentally on track in at least three of the following domains: literacy-numeracy, physical development, social-emotional development, and learning (% of children aged 36-59 months)",768,Togo,2017,55.4,2017,MICS,,M36T59,C,G,FEMALE,PERCENT
86900,4,4.2,4.2.1,SE_DEV_ONTRK,"Proportion of children aged 36−59 months who are developmentally on track in at least three of the following domains: literacy-numeracy, physical development, social-emotional development, and learning (% of children aged 36-59 months)",768,Togo,2017,52.4,2017,MICS,,M36T59,C,G,BOTHSEX,PERCENT
86901,4,4.2,4.2.1,SE_DEV_ONTRK,"Proportion of children aged 36−59 months who are developmentally on track in at least three of the following domains: literacy-numeracy, physical development, social-emotional development, and learning (% of children aged 36-59 months)",768,Togo,2017,49.7,2017,MICS,,M36T59,C,G,MALE,PERCENT
86902,4,4.2,4.2.1,SE_DEV_ONTRK,"Proportion of children aged 36−59 months who are developmentally on track in at least three of the following domains: literacy-numeracy, physical development, social-emotional development, and learning (% of children aged 36-59 months)",776,Tonga,2019,78.6,2019,MICS,,M36T59,C,G,BOTHSEX,PERCENT
86903,4,4.2,4.2.1,SE_DEV_ONTRK,"Proportion of children aged 36−59 months who are developmentally on track in at least three of the following domains: literacy-numeracy, physical development, social-emotional development, and learning (% of children aged 36-59 months)",776,Tonga,2019,78.6,2019,MICS,,M36T59,C,G,MALE,PERCENT
86904,4,4.2,4.2.1,SE_DEV_ONTRK,"Proportion of children aged 36−59 months who are developmentally on track in at least three of the following domains: literacy-numeracy, physical development, social-emotional development, and learning (% of children aged 36-59 months)",776,Tonga,2019,78.6,2019,MICS,,M36T59,C,G,FEMALE,PERCENT
86905,4,4.2,4.2.1,SE_DEV_ONTRK,"Proportion of children aged 36−59 months who are developmentally on track in at least three of the following domains: literacy-numeracy, physical development, social-emotional development, and learning (% of children aged 36-59 months)",780,Trinidad and Tobago,2011,91.3,2011,MICS,,M36T59,C,G,BOTHSEX,PERCENT
86906,4,4.2,4.2.1,SE_DEV_ONTRK,"Proportion of children aged 36−59 months who are developmentally on track in at least three of the following domains: literacy-numeracy, physical development, social-emotional development, and learning (% of children aged 36-59 months)",780,Trinidad and Tobago,2011,89.1,2011,MICS,,M36T59,C,G,MALE,PERCENT
86907,4,4.2,4.2.1,SE_DEV_ONTRK,"Proportion of children aged 36−59 months who are developmentally on track in at least three of the following domains: literacy-numeracy, physical development, social-emotional development, and learning (% of children aged 36-59 months)",780,Trinidad and Tobago,2011,93.3,2011,MICS,,M36T59,C,G,FEMALE,PERCENT
86908,4,4.2,4.2.1,SE_DEV_ONTRK,"Proportion of children aged 36−59 months who are developmentally on track in at least three of the following domains: literacy-numeracy, physical development, social-emotional development, and learning (% of children aged 36-59 months)",788,Tunisia,2018,81.5,2018,MICS,,M36T59,C,G,FEMALE,PERCENT
86909,4,4.2,4.2.1,SE_DEV_ONTRK,"Proportion of children aged 36−59 months who are developmentally on track in at least three of the following domains: literacy-numeracy, physical development, social-emotional development, and learning (% of children aged 36-59 months)",788,Tunisia,2018,83.2,2018,MICS,,M36T59,C,G,MALE,PERCENT
86910,4,4.2,4.2.1,SE_DEV_ONTRK,"Proportion of children aged 36−59 months who are developmentally on track in at least three of the following domains: literacy-numeracy, physical development, social-emotional development, and learning (% of children aged 36-59 months)",788,Tunisia,2018,82.3,2018,MICS,,M36T59,C,G,BOTHSEX,PERCENT
86911,4,4.2,4.2.1,SE_DEV_ONTRK,"Proportion of children aged 36−59 months who are developmentally on track in at least three of the following domains: literacy-numeracy, physical development, social-emotional development, and learning (% of children aged 36-59 months)",792,Turkey,2018,69.8,2018,DHS ,,M36T59,C,G,MALE,PERCENT
86912,4,4.2,4.2.1,SE_DEV_ONTRK,"Proportion of children aged 36−59 months who are developmentally on track in at least three of the following domains: literacy-numeracy, physical development, social-emotional development, and learning (% of children aged 36-59 months)",792,Turkey,2018,73.7,2018,DHS ,,M36T59,C,G,BOTHSEX,PERCENT
86913,4,4.2,4.2.1,SE_DEV_ONTRK,"Proportion of children aged 36−59 months who are developmentally on track in at least three of the following domains: literacy-numeracy, physical development, social-emotional development, and learning (% of children aged 36-59 months)",792,Turkey,2018,78.0,2018,DHS ,,M36T59,C,G,FEMALE,PERCENT
86914,4,4.2,4.2.1,SE_DEV_ONTRK,"Proportion of children aged 36−59 months who are developmentally on track in at least three of the following domains: literacy-numeracy, physical development, social-emotional development, and learning (% of children aged 36-59 months)",795,Turkmenistan,2019,95.0,2019,MICS,,M36T59,C,G,BOTHSEX,PERCENT
86915,4,4.2,4.2.1,SE_DEV_ONTRK,"Proportion of children aged 36−59 months who are developmentally on track in at least three of the following domains: literacy-numeracy, physical development, social-emotional development, and learning (% of children aged 36-59 months)",795,Turkmenistan,2019,94.7,2019,MICS,,M36T59,C,G,MALE,PERCENT
86916,4,4.2,4.2.1,SE_DEV_ONTRK,"Proportion of children aged 36−59 months who are developmentally on track in at least three of the following domains: literacy-numeracy, physical development, social-emotional development, and learning (% of children aged 36-59 months)",795,Turkmenistan,2019,95.3,2019,MICS,,M36T59,C,G,FEMALE,PERCENT
86917,4,4.2,4.2.1,SE_DEV_ONTRK,"Proportion of children aged 36−59 months who are developmentally on track in at least three of the following domains: literacy-numeracy, physical development, social-emotional development, and learning (% of children aged 36-59 months)",800,Uganda,2016,65.0,2016,DHS ,Based on youngest child aged 36-59 months in the household,M36T59,CA,G,BOTHSEX,PERCENT
86918,4,4.2,4.2.1,SE_DEV_ONTRK,"Proportion of children aged 36−59 months who are developmentally on track in at least three of the following domains: literacy-numeracy, physical development, social-emotional development, and learning (% of children aged 36-59 months)",800,Uganda,2016,64.1,2016,DHS ,Based on youngest child aged 36-59 months in the household,M36T59,CA,G,MALE,PERCENT
86919,4,4.2,4.2.1,SE_DEV_ONTRK,"Proportion of children aged 36−59 months who are developmentally on track in at least three of the following domains: literacy-numeracy, physical development, social-emotional development, and learning (% of children aged 36-59 months)",800,Uganda,2016,65.9,2016,DHS ,Based on youngest child aged 36-59 months in the household,M36T59,CA,G,FEMALE,PERCENT
86920,4,4.2,4.2.1,SE_DEV_ONTRK,"Proportion of children aged 36−59 months who are developmentally on track in at least three of the following domains: literacy-numeracy, physical development, social-emotional development, and learning (% of children aged 36-59 months)",804,Ukraine,2012,89.0,2012,MICS,,M36T59,C,G,BOTHSEX,PERCENT
86921,4,4.2,4.2.1,SE_DEV_ONTRK,"Proportion of children aged 36−59 months who are developmentally on track in at least three of the following domains: literacy-numeracy, physical development, social-emotional development, and learning (% of children aged 36-59 months)",804,Ukraine,2012,88.7,2012,MICS,,M36T59,C,G,MALE,PERCENT
86922,4,4.2,4.2.1,SE_DEV_ONTRK,"Proportion of children aged 36−59 months who are developmentally on track in at least three of the following domains: literacy-numeracy, physical development, social-emotional development, and learning (% of children aged 36-59 months)",804,Ukraine,2012,89.3,2012,MICS,,M36T59,C,G,FEMALE,PERCENT
86923,4,4.2,4.2.1,SE_DEV_ONTRK,"Proportion of children aged 36−59 months who are developmentally on track in at least three of the following domains: literacy-numeracy, physical development, social-emotional development, and learning (% of children aged 36-59 months)",807,North Macedonia,2019,81.8,2018-2019,MICS,,M36T59,C,G,BOTHSEX,PERCENT
86924,4,4.2,4.2.1,SE_DEV_ONTRK,"Proportion of children aged 36−59 months who are developmentally on track in at least three of the following domains: literacy-numeracy, physical development, social-emotional development, and learning (% of children aged 36-59 months)",807,North Macedonia,2019,75.9,2018-2019,MICS,,M36T59,C,G,MALE,PERCENT
86925,4,4.2,4.2.1,SE_DEV_ONTRK,"Proportion of children aged 36−59 months who are developmentally on track in at least three of the following domains: literacy-numeracy, physical development, social-emotional development, and learning (% of children aged 36-59 months)",807,North Macedonia,2019,89.3,2018-2019,MICS,,M36T59,C,G,FEMALE,PERCENT
86926,4,4.2,4.2.1,SE_DEV_ONTRK,"Proportion of children aged 36−59 months who are developmentally on track in at least three of the following domains: literacy-numeracy, physical development, social-emotional development, and learning (% of children aged 36-59 months)",858,Uruguay,2013,86.8,2013,MICS,,M36T59,C,G,BOTHSEX,PERCENT
86927,4,4.2,4.2.1,SE_DEV_ONTRK,"Proportion of children aged 36−59 months who are developmentally on track in at least three of the following domains: literacy-numeracy, physical development, social-emotional development, and learning (% of children aged 36-59 months)",858,Uruguay,2013,88.8,2013,MICS,,M36T59,C,G,MALE,PERCENT
86928,4,4.2,4.2.1,SE_DEV_ONTRK,"Proportion of children aged 36−59 months who are developmentally on track in at least three of the following domains: literacy-numeracy, physical development, social-emotional development, and learning (% of children aged 36-59 months)",858,Uruguay,2013,84.3,2013,MICS,,M36T59,C,G,FEMALE,PERCENT
86929,4,4.2,4.2.1,SE_DEV_ONTRK,"Proportion of children aged 36−59 months who are developmentally on track in at least three of the following domains: literacy-numeracy, physical development, social-emotional development, and learning (% of children aged 36-59 months)",882,Samoa,2020,73.3,2019-2020,MICS Factsheets,,M36T59,C,G,BOTHSEX,PERCENT
