,TimePeriod,Indicator,GeoAreaCode,GeoAreaName,poverty_percentage
10,2010,1.1.1,1.0,World,16.0
11,2011,1.1.1,1.0,World,13.9
12,2012,1.1.1,1.0,World,12.9
13,2013,1.1.1,1.0,World,11.4
14,2014,1.1.1,1.0,World,10.7
15,2015,1.1.1,1.0,World,10.1
16,2016,1.1.1,1.0,World,9.7
17,2017,1.1.1,1.0,World,9.3
18,2018,1.1.1,1.0,World,9.3
19,2019,1.1.1,1.0,World,9.3
20,2020,1.1.1,1.0,World,9.3
21,2021,1.1.1,1.0,World,9.3
32,2010,1.1.1,2.0,Africa,40.2
33,2011,1.1.1,2.0,Africa,38.6
34,2012,1.1.1,2.0,Africa,37.3
35,2013,1.1.1,2.0,Africa,36.9
36,2014,1.1.1,2.0,Africa,36.0
37,2015,1.1.1,2.0,Africa,35.7
38,2016,1.1.1,2.0,Africa,35.7
39,2017,1.1.1,2.0,Africa,35.2
40,2018,1.1.1,2.0,Africa,34.7
41,2019,1.1.1,2.0,Africa,34.7
42,2020,1.1.1,2.0,Africa,34.7
43,2021,1.1.1,2.0,Africa,34.7
54,2010,1.1.1,5.0,South America,5.0
55,2011,1.1.1,5.0,South America,4.5
56,2012,1.1.1,5.0,South America,4.0
57,2013,1.1.1,5.0,South America,3.4
58,2014,1.1.1,5.0,South America,3.1
59,2015,1.1.1,5.0,South America,3.1
60,2016,1.1.1,5.0,South America,3.5
61,2017,1.1.1,5.0,South America,3.7
62,2018,1.1.1,5.0,South America,3.6
63,2019,1.1.1,5.0,South America,3.7
64,2020,1.1.1,5.0,South America,3.7
65,2021,1.1.1,5.0,South America,3.7
76,2010,1.1.1,8.0,Albania,0.3
77,2011,1.1.1,8.0,Albania,0.3
78,2012,1.1.1,8.0,Albania,0.8
79,2013,1.1.1,8.0,Albania,0.8
80,2014,1.1.1,8.0,Albania,1.6
81,2015,1.1.1,8.0,Albania,1.1
82,2016,1.1.1,8.0,Albania,0.9
83,2017,1.1.1,8.0,Albania,1.3
84,2018,1.1.1,8.0,Albania,1.3
85,2019,1.1.1,8.0,Albania,1.3
86,2020,1.1.1,8.0,Albania,1.3
87,2021,1.1.1,8.0,Albania,1.3
98,2010,1.1.1,9.0,Oceania,9.7
99,2011,1.1.1,9.0,Oceania,9.7
100,2012,1.1.1,9.0,Oceania,9.6
101,2013,1.1.1,9.0,Oceania,9.4
102,2014,1.1.1,9.0,Oceania,8.3
103,2015,1.1.1,9.0,Oceania,7.9
104,2016,1.1.1,9.0,Oceania,7.5
105,2017,1.1.1,9.0,Oceania,7.4
106,2018,1.1.1,9.0,Oceania,7.4
107,2019,1.1.1,9.0,Oceania,7.4
108,2020,1.1.1,9.0,Oceania,7.4
109,2021,1.1.1,9.0,Oceania,7.4
120,2010,1.1.1,11.0,Western Africa,48.6
121,2011,1.1.1,11.0,Western Africa,45.1
122,2012,1.1.1,11.0,Western Africa,41.9
123,2013,1.1.1,11.0,Western Africa,41.9
124,2014,1.1.1,11.0,Western Africa,41.9
125,2015,1.1.1,11.0,Western Africa,41.9
126,2016,1.1.1,11.0,Western Africa,38.1
127,2017,1.1.1,11.0,Western Africa,37.0
128,2018,1.1.1,11.0,Western Africa,35.6
129,2019,1.1.1,11.0,Western Africa,34.5
130,2020,1.1.1,11.0,Western Africa,34.5
131,2021,1.1.1,11.0,Western Africa,34.5
143,2011,1.1.1,12.0,Algeria,0.4
144,2012,1.1.1,12.0,Algeria,0.4
145,2013,1.1.1,12.0,Algeria,0.4
146,2014,1.1.1,12.0,Algeria,0.4
147,2015,1.1.1,12.0,Algeria,0.4
148,2016,1.1.1,12.0,Algeria,0.4
149,2017,1.1.1,12.0,Algeria,0.4
150,2018,1.1.1,12.0,Algeria,0.4
151,2019,1.1.1,12.0,Algeria,0.4
152,2020,1.1.1,12.0,Algeria,0.4
153,2021,1.1.1,12.0,Algeria,0.4
164,2010,1.1.1,13.0,Central America,5.7
165,2011,1.1.1,13.0,Central America,5.4
166,2012,1.1.1,13.0,Central America,5.3
167,2013,1.1.1,13.0,Central America,5.0
168,2014,1.1.1,13.0,Central America,4.8
169,2015,1.1.1,13.0,Central America,4.1
170,2016,1.1.1,13.0,Central America,3.4
171,2017,1.1.1,13.0,Central America,3.2
172,2018,1.1.1,13.0,Central America,3.1
173,2019,1.1.1,13.0,Central America,3.0
174,2020,1.1.1,13.0,Central America,3.0
175,2021,1.1.1,13.0,Central America,3.0
186,2010,1.1.1,14.0,Eastern Africa,49.4
187,2011,1.1.1,14.0,Eastern Africa,48.3
188,2012,1.1.1,14.0,Eastern Africa,48.2
189,2013,1.1.1,14.0,Eastern Africa,47.7
190,2014,1.1.1,14.0,Eastern Africa,47.4
191,2015,1.1.1,14.0,Eastern Africa,47.3
192,2016,1.1.1,14.0,Eastern Africa,46.9
193,2017,1.1.1,14.0,Eastern Africa,45.8
194,2018,1.1.1,14.0,Eastern Africa,44.7
195,2019,1.1.1,14.0,Eastern Africa,44.7
196,2020,1.1.1,14.0,Eastern Africa,44.7
197,2021,1.1.1,14.0,Eastern Africa,44.7
208,2010,1.1.1,15.0,Northern Africa,4.8
209,2011,1.1.1,15.0,Northern Africa,3.7
210,2012,1.1.1,15.0,Northern Africa,3.1
211,2013,1.1.1,15.0,Northern Africa,3.0
212,2014,1.1.1,15.0,Northern Africa,3.1
213,2015,1.1.1,15.0,Northern Africa,2.9
214,2016,1.1.1,15.0,Northern Africa,3.1
215,2017,1.1.1,15.0,Northern Africa,3.3
216,2018,1.1.1,15.0,Northern Africa,3.3
217,2019,1.1.1,15.0,Northern Africa,3.3
218,2020,1.1.1,15.0,Northern Africa,3.3
219,2021,1.1.1,15.0,Northern Africa,3.3
230,2010,1.1.1,17.0,Middle Africa,60.8
231,2011,1.1.1,17.0,Middle Africa,59.3
232,2012,1.1.1,17.0,Middle Africa,57.0
233,2013,1.1.1,17.0,Middle Africa,55.6
234,2014,1.1.1,17.0,Middle Africa,54.2
235,2015,1.1.1,17.0,Middle Africa,53.8
236,2016,1.1.1,17.0,Middle Africa,53.8
237,2017,1.1.1,17.0,Middle Africa,53.8
238,2018,1.1.1,17.0,Middle Africa,53.8
239,2019,1.1.1,17.0,Middle Africa,53.8
240,2020,1.1.1,17.0,Middle Africa,53.8
241,2021,1.1.1,17.0,Middle Africa,53.8
252,2010,1.1.1,18.0,Southern Africa,17.7
253,2011,1.1.1,18.0,Southern Africa,17.7
254,2012,1.1.1,18.0,Southern Africa,17.8
255,2013,1.1.1,18.0,Southern Africa,17.9
256,2014,1.1.1,18.0,Southern Africa,18.4
257,2015,1.1.1,18.0,Southern Africa,18.9
258,2016,1.1.1,18.0,Southern Africa,19.2
259,2017,1.1.1,18.0,Southern Africa,19.1
260,2018,1.1.1,18.0,Southern Africa,19.1
261,2019,1.1.1,18.0,Southern Africa,19.1
262,2020,1.1.1,18.0,Southern Africa,19.1
263,2021,1.1.1,18.0,Southern Africa,19.1
274,2010,1.1.1,19.0,Americas,4.1
275,2011,1.1.1,19.0,Americas,3.8
276,2012,1.1.1,19.0,Americas,3.3
277,2013,1.1.1,19.0,Americas,3.0
278,2014,1.1.1,19.0,Americas,2.9
279,2015,1.1.1,19.0,Americas,2.7
280,2016,1.1.1,19.0,Americas,2.7
281,2017,1.1.1,19.0,Americas,2.8
282,2018,1.1.1,19.0,Americas,2.6
283,2019,1.1.1,19.0,Americas,2.7
284,2020,1.1.1,19.0,Americas,2.7
285,2021,1.1.1,19.0,Americas,2.7
296,2010,1.1.1,21.0,Northern America,0.9
297,2011,1.1.1,21.0,Northern America,0.9
298,2012,1.1.1,21.0,Northern America,0.9
299,2013,1.1.1,21.0,Northern America,0.9
300,2014,1.1.1,21.0,Northern America,1.1
301,2015,1.1.1,21.0,Northern America,1.1
302,2016,1.1.1,21.0,Northern America,0.9
303,2017,1.1.1,21.0,Northern America,1.1
304,2018,1.1.1,21.0,Northern America,0.9
305,2019,1.1.1,21.0,Northern America,0.9
306,2020,1.1.1,21.0,Northern America,0.9
307,2021,1.1.1,21.0,Northern America,0.9
318,2010,1.1.1,24.0,Angola,34.4
319,2011,1.1.1,24.0,Angola,34.4
320,2012,1.1.1,24.0,Angola,34.4
321,2013,1.1.1,24.0,Angola,34.4
322,2014,1.1.1,24.0,Angola,34.4
323,2015,1.1.1,24.0,Angola,34.4
324,2016,1.1.1,24.0,Angola,34.4
325,2017,1.1.1,24.0,Angola,34.4
326,2018,1.1.1,24.0,Angola,49.9
327,2019,1.1.1,24.0,Angola,49.9
328,2020,1.1.1,24.0,Angola,49.9
329,2021,1.1.1,24.0,Angola,49.9
340,2010,1.1.1,29.0,Caribbean,29.1
341,2011,1.1.1,29.0,Caribbean,29.1
342,2012,1.1.1,29.0,Caribbean,29.1
343,2013,1.1.1,29.0,Caribbean,29.1
344,2014,1.1.1,29.0,Caribbean,11.0
345,2015,1.1.1,29.0,Caribbean,10.6
346,2016,1.1.1,29.0,Caribbean,10.6
347,2017,1.1.1,29.0,Caribbean,10.6
348,2018,1.1.1,29.0,Caribbean,10.6
349,2019,1.1.1,29.0,Caribbean,10.6
350,2020,1.1.1,29.0,Caribbean,10.6
351,2021,1.1.1,29.0,Caribbean,10.6
362,2010,1.1.1,30.0,Eastern Asia,9.9
363,2011,1.1.1,30.0,Eastern Asia,7.0
364,2012,1.1.1,30.0,Eastern Asia,5.8
365,2013,1.1.1,30.0,Eastern Asia,1.7
366,2014,1.1.1,30.0,Eastern Asia,1.3
367,2015,1.1.1,30.0,Eastern Asia,0.7
368,2016,1.1.1,30.0,Eastern Asia,0.5
369,2017,1.1.1,30.0,Eastern Asia,0.4
370,2018,1.1.1,30.0,Eastern Asia,0.3
371,2019,1.1.1,30.0,Eastern Asia,0.2
372,2020,1.1.1,30.0,Eastern Asia,0.2
373,2021,1.1.1,30.0,Eastern Asia,0.2
384,2010,1.1.1,31.0,Azerbaijan,0.0
385,2011,1.1.1,31.0,Azerbaijan,0.0
386,2012,1.1.1,31.0,Azerbaijan,0.0
387,2013,1.1.1,31.0,Azerbaijan,0.0
388,2014,1.1.1,31.0,Azerbaijan,0.0
389,2015,1.1.1,31.0,Azerbaijan,0.0
390,2016,1.1.1,31.0,Azerbaijan,0.0
391,2017,1.1.1,31.0,Azerbaijan,0.0
392,2018,1.1.1,31.0,Azerbaijan,0.0
393,2019,1.1.1,31.0,Azerbaijan,0.0
394,2020,1.1.1,31.0,Azerbaijan,0.0
395,2021,1.1.1,31.0,Azerbaijan,0.0
406,2010,1.1.1,32.0,Argentina,1.4
407,2011,1.1.1,32.0,Argentina,1.1
408,2012,1.1.1,32.0,Argentina,1.2
409,2013,1.1.1,32.0,Argentina,1.0
410,2014,1.1.1,32.0,Argentina,0.9
411,2015,1.1.1,32.0,Argentina,0.9
412,2016,1.1.1,32.0,Argentina,1.1
413,2017,1.1.1,32.0,Argentina,0.9
414,2018,1.1.1,32.0,Argentina,1.4
415,2019,1.1.1,32.0,Argentina,1.5
416,2020,1.1.1,32.0,Argentina,1.5
417,2021,1.1.1,32.0,Argentina,1.5
428,2010,1.1.1,34.0,Southern Asia,24.9
429,2011,1.1.1,34.0,Southern Asia,20.0
430,2012,1.1.1,34.0,Southern Asia,18.3
431,2013,1.1.1,34.0,Southern Asia,16.3
432,2014,1.1.1,34.0,Southern Asia,14.5
433,2015,1.1.1,34.0,Southern Asia,14.5
434,2016,1.1.1,34.0,Southern Asia,14.5
435,2017,1.1.1,34.0,Southern Asia,14.5
436,2018,1.1.1,34.0,Southern Asia,14.5
437,2019,1.1.1,34.0,Southern Asia,14.5
438,2020,1.1.1,34.0,Southern Asia,14.5
439,2021,1.1.1,34.0,Southern Asia,14.5
450,2010,1.1.1,35.0,South-Eastern Asia,9.5
451,2011,1.1.1,35.0,South-Eastern Asia,8.3
452,2012,1.1.1,35.0,South-Eastern Asia,7.4
453,2013,1.1.1,35.0,South-Eastern Asia,6.1
454,2014,1.1.1,35.0,South-Eastern Asia,5.2
455,2015,1.1.1,35.0,South-Eastern Asia,4.7
456,2016,1.1.1,35.0,South-Eastern Asia,4.0
457,2017,1.1.1,35.0,South-Eastern Asia,3.4
458,2018,1.1.1,35.0,South-Eastern Asia,2.8
459,2019,1.1.1,35.0,South-Eastern Asia,2.3
460,2020,1.1.1,35.0,South-Eastern Asia,2.3
461,2021,1.1.1,35.0,South-Eastern Asia,2.3
472,2010,1.1.1,36.0,Australia,0.3
473,2011,1.1.1,36.0,Australia,0.3
474,2012,1.1.1,36.0,Australia,0.3
475,2013,1.1.1,36.0,Australia,0.3
476,2014,1.1.1,36.0,Australia,0.5
477,2015,1.1.1,36.0,Australia,0.5
478,2016,1.1.1,36.0,Australia,0.5
479,2017,1.1.1,36.0,Australia,0.5
480,2018,1.1.1,36.0,Australia,0.5
481,2019,1.1.1,36.0,Australia,0.5
482,2020,1.1.1,36.0,Australia,0.5
483,2021,1.1.1,36.0,Australia,0.5
494,2010,1.1.1,39.0,Southern Europe,0.9
495,2011,1.1.1,39.0,Southern Europe,1.1
496,2012,1.1.1,39.0,Southern Europe,1.3
497,2013,1.1.1,39.0,Southern Europe,1.2
498,2014,1.1.1,39.0,Southern Europe,1.3
499,2015,1.1.1,39.0,Southern Europe,1.3
500,2016,1.1.1,39.0,Southern Europe,1.5
501,2017,1.1.1,39.0,Southern Europe,1.2
502,2018,1.1.1,39.0,Southern Europe,1.0
503,2019,1.1.1,39.0,Southern Europe,0.9
504,2020,1.1.1,39.0,Southern Europe,0.9
505,2021,1.1.1,39.0,Southern Europe,0.9
516,2010,1.1.1,40.0,Austria,0.5
517,2011,1.1.1,40.0,Austria,0.4
518,2012,1.1.1,40.0,Austria,0.6
519,2013,1.1.1,40.0,Austria,0.3
520,2014,1.1.1,40.0,Austria,0.2
521,2015,1.1.1,40.0,Austria,0.7
522,2016,1.1.1,40.0,Austria,0.7
523,2017,1.1.1,40.0,Austria,0.3
524,2018,1.1.1,40.0,Austria,0.6
525,2019,1.1.1,40.0,Austria,0.6
526,2020,1.1.1,40.0,Austria,0.6
527,2021,1.1.1,40.0,Austria,0.6
538,2010,1.1.1,50.0,Bangladesh,19.2
539,2011,1.1.1,50.0,Bangladesh,19.2
540,2012,1.1.1,50.0,Bangladesh,19.2
541,2013,1.1.1,50.0,Bangladesh,19.2
542,2014,1.1.1,50.0,Bangladesh,19.2
543,2015,1.1.1,50.0,Bangladesh,19.2
544,2016,1.1.1,50.0,Bangladesh,14.3
545,2017,1.1.1,50.0,Bangladesh,14.3
546,2018,1.1.1,50.0,Bangladesh,14.3
547,2019,1.1.1,50.0,Bangladesh,14.3
548,2020,1.1.1,50.0,Bangladesh,14.3
549,2021,1.1.1,50.0,Bangladesh,14.3
560,2010,1.1.1,51.0,Armenia,1.0
561,2011,1.1.1,51.0,Armenia,1.2
562,2012,1.1.1,51.0,Armenia,0.9
563,2013,1.1.1,51.0,Armenia,1.8
564,2014,1.1.1,51.0,Armenia,1.5
565,2015,1.1.1,51.0,Armenia,1.3
566,2016,1.1.1,51.0,Armenia,1.2
567,2017,1.1.1,51.0,Armenia,0.9
568,2018,1.1.1,51.0,Armenia,1.4
569,2019,1.1.1,51.0,Armenia,1.1
570,2020,1.1.1,51.0,Armenia,1.1
571,2021,1.1.1,51.0,Armenia,1.1
582,2010,1.1.1,53.0,Australia and New Zealand,0.3
583,2011,1.1.1,53.0,Australia and New Zealand,0.4
584,2012,1.1.1,53.0,Australia and New Zealand,0.4
585,2013,1.1.1,53.0,Australia and New Zealand,0.5
586,2014,1.1.1,53.0,Australia and New Zealand,0.5
587,2015,1.1.1,53.0,Australia and New Zealand,0.5
588,2016,1.1.1,53.0,Australia and New Zealand,0.5
589,2017,1.1.1,53.0,Australia and New Zealand,0.5
590,2018,1.1.1,53.0,Australia and New Zealand,0.5
591,2019,1.1.1,53.0,Australia and New Zealand,0.5
592,2020,1.1.1,53.0,Australia and New Zealand,0.5
593,2021,1.1.1,53.0,Australia and New Zealand,0.5
604,2010,1.1.1,54.0,Melanesia,32.9
605,2011,1.1.1,54.0,Melanesia,32.8
606,2012,1.1.1,54.0,Melanesia,32.0
607,2013,1.1.1,54.0,Melanesia,32.0
608,2014,1.1.1,54.0,Melanesia,32.0
609,2015,1.1.1,54.0,Melanesia,32.0
610,2016,1.1.1,54.0,Melanesia,32.0
611,2017,1.1.1,54.0,Melanesia,32.0
612,2018,1.1.1,54.0,Melanesia,32.0
613,2019,1.1.1,54.0,Melanesia,32.0
614,2020,1.1.1,54.0,Melanesia,32.0
615,2021,1.1.1,54.0,Melanesia,32.0
626,2010,1.1.1,56.0,Belgium,0.1
627,2011,1.1.1,56.0,Belgium,0.2
628,2012,1.1.1,56.0,Belgium,0.2
629,2013,1.1.1,56.0,Belgium,0.1
630,2014,1.1.1,56.0,Belgium,0.1
631,2015,1.1.1,56.0,Belgium,0.1
632,2016,1.1.1,56.0,Belgium,0.1
633,2017,1.1.1,56.0,Belgium,0.1
634,2018,1.1.1,56.0,Belgium,0.1
635,2019,1.1.1,56.0,Belgium,0.1
636,2020,1.1.1,56.0,Belgium,0.1
637,2021,1.1.1,56.0,Belgium,0.1
648,2010,1.1.1,62.0,Central and Southern Asia,24.5
649,2011,1.1.1,62.0,Central and Southern Asia,19.8
650,2012,1.1.1,62.0,Central and Southern Asia,18.1
651,2013,1.1.1,62.0,Central and Southern Asia,16.1
652,2014,1.1.1,62.0,Central and Southern Asia,14.3
653,2015,1.1.1,62.0,Central and Southern Asia,14.3
654,2016,1.1.1,62.0,Central and Southern Asia,14.3
655,2017,1.1.1,62.0,Central and Southern Asia,14.3
656,2018,1.1.1,62.0,Central and Southern Asia,14.3
657,2019,1.1.1,62.0,Central and Southern Asia,14.3
658,2020,1.1.1,62.0,Central and Southern Asia,14.3
659,2021,1.1.1,62.0,Central and Southern Asia,14.3
670,2010,1.1.1,64.0,Bhutan,8.2
671,2011,1.1.1,64.0,Bhutan,8.2
672,2012,1.1.1,64.0,Bhutan,2.2
673,2013,1.1.1,64.0,Bhutan,2.2
674,2014,1.1.1,64.0,Bhutan,2.2
675,2015,1.1.1,64.0,Bhutan,2.2
676,2016,1.1.1,64.0,Bhutan,2.2
677,2017,1.1.1,64.0,Bhutan,1.5
678,2018,1.1.1,64.0,Bhutan,1.5
679,2019,1.1.1,64.0,Bhutan,1.5
680,2020,1.1.1,64.0,Bhutan,1.5
681,2021,1.1.1,64.0,Bhutan,1.5
692,2010,1.1.1,68.0,Bolivia (Plurinational State of),10.3
693,2011,1.1.1,68.0,Bolivia (Plurinational State of),7.2
694,2012,1.1.1,68.0,Bolivia (Plurinational State of),8.2
695,2013,1.1.1,68.0,Bolivia (Plurinational State of),6.9
696,2014,1.1.1,68.0,Bolivia (Plurinational State of),5.7
697,2015,1.1.1,68.0,Bolivia (Plurinational State of),6.3
698,2016,1.1.1,68.0,Bolivia (Plurinational State of),7.5
699,2017,1.1.1,68.0,Bolivia (Plurinational State of),6.5
700,2018,1.1.1,68.0,Bolivia (Plurinational State of),4.9
701,2019,1.1.1,68.0,Bolivia (Plurinational State of),3.2
702,2020,1.1.1,68.0,Bolivia (Plurinational State of),3.2
703,2021,1.1.1,68.0,Bolivia (Plurinational State of),3.2
714,2010,1.1.1,70.0,Bosnia and Herzegovina,0.1
715,2011,1.1.1,70.0,Bosnia and Herzegovina,0.1
716,2012,1.1.1,70.0,Bosnia and Herzegovina,0.1
717,2013,1.1.1,70.0,Bosnia and Herzegovina,0.1
718,2014,1.1.1,70.0,Bosnia and Herzegovina,0.1
719,2015,1.1.1,70.0,Bosnia and Herzegovina,0.1
720,2016,1.1.1,70.0,Bosnia and Herzegovina,0.1
721,2017,1.1.1,70.0,Bosnia and Herzegovina,0.1
722,2018,1.1.1,70.0,Bosnia and Herzegovina,0.1
723,2019,1.1.1,70.0,Bosnia and Herzegovina,0.1
724,2020,1.1.1,70.0,Bosnia and Herzegovina,0.1
725,2021,1.1.1,70.0,Bosnia and Herzegovina,0.1
736,2010,1.1.1,72.0,Botswana,17.2
737,2011,1.1.1,72.0,Botswana,17.2
738,2012,1.1.1,72.0,Botswana,17.2
739,2013,1.1.1,72.0,Botswana,17.2
740,2014,1.1.1,72.0,Botswana,17.2
741,2015,1.1.1,72.0,Botswana,14.5
742,2016,1.1.1,72.0,Botswana,14.5
743,2017,1.1.1,72.0,Botswana,14.5
744,2018,1.1.1,72.0,Botswana,14.5
745,2019,1.1.1,72.0,Botswana,14.5
746,2020,1.1.1,72.0,Botswana,14.5
747,2021,1.1.1,72.0,Botswana,14.5
758,2010,1.1.1,76.0,Brazil,5.4
759,2011,1.1.1,76.0,Brazil,4.7
760,2012,1.1.1,76.0,Brazil,3.7
761,2013,1.1.1,76.0,Brazil,3.1
762,2014,1.1.1,76.0,Brazil,2.7
763,2015,1.1.1,76.0,Brazil,3.2
764,2016,1.1.1,76.0,Brazil,3.9
765,2017,1.1.1,76.0,Brazil,4.4
766,2018,1.1.1,76.0,Brazil,4.4
767,2019,1.1.1,76.0,Brazil,4.6
768,2020,1.1.1,76.0,Brazil,4.6
769,2021,1.1.1,76.0,Brazil,4.6
780,2010,1.1.1,90.0,Solomon Islands,48.6
781,2011,1.1.1,90.0,Solomon Islands,48.6
782,2012,1.1.1,90.0,Solomon Islands,24.7
783,2013,1.1.1,90.0,Solomon Islands,24.7
784,2014,1.1.1,90.0,Solomon Islands,24.7
785,2015,1.1.1,90.0,Solomon Islands,24.7
786,2016,1.1.1,90.0,Solomon Islands,24.7
787,2017,1.1.1,90.0,Solomon Islands,24.7
788,2018,1.1.1,90.0,Solomon Islands,24.7
789,2019,1.1.1,90.0,Solomon Islands,24.7
790,2020,1.1.1,90.0,Solomon Islands,24.7
791,2021,1.1.1,90.0,Solomon Islands,24.7
802,2010,1.1.1,100.0,Bulgaria,2.0
803,2011,1.1.1,100.0,Bulgaria,2.4
804,2012,1.1.1,100.0,Bulgaria,2.2
805,2013,1.1.1,100.0,Bulgaria,1.8
806,2014,1.1.1,100.0,Bulgaria,1.6
807,2015,1.1.1,100.0,Bulgaria,3.4
808,2016,1.1.1,100.0,Bulgaria,1.9
809,2017,1.1.1,100.0,Bulgaria,1.4
810,2018,1.1.1,100.0,Bulgaria,0.9
811,2019,1.1.1,100.0,Bulgaria,0.9
812,2020,1.1.1,100.0,Bulgaria,0.9
813,2021,1.1.1,100.0,Bulgaria,0.9
829,2015,1.1.1,104.0,Myanmar,4.8
830,2016,1.1.1,104.0,Myanmar,4.8
831,2017,1.1.1,104.0,Myanmar,1.4
832,2018,1.1.1,104.0,Myanmar,1.4
833,2019,1.1.1,104.0,Myanmar,1.4
834,2020,1.1.1,104.0,Myanmar,1.4
835,2021,1.1.1,104.0,Myanmar,1.4
846,2010,1.1.1,108.0,Burundi,78.6
847,2011,1.1.1,108.0,Burundi,78.6
848,2012,1.1.1,108.0,Burundi,78.6
849,2013,1.1.1,108.0,Burundi,72.8
850,2014,1.1.1,108.0,Burundi,72.8
851,2015,1.1.1,108.0,Burundi,72.8
852,2016,1.1.1,108.0,Burundi,72.8
853,2017,1.1.1,108.0,Burundi,72.8
854,2018,1.1.1,108.0,Burundi,72.8
855,2019,1.1.1,108.0,Burundi,72.8
856,2020,1.1.1,108.0,Burundi,72.8
857,2021,1.1.1,108.0,Burundi,72.8
868,2010,1.1.1,112.0,Belarus,0.0
869,2011,1.1.1,112.0,Belarus,0.0
870,2012,1.1.1,112.0,Belarus,0.0
871,2013,1.1.1,112.0,Belarus,0.0
872,2014,1.1.1,112.0,Belarus,0.0
873,2015,1.1.1,112.0,Belarus,0.0
874,2016,1.1.1,112.0,Belarus,0.0
875,2017,1.1.1,112.0,Belarus,0.0
876,2018,1.1.1,112.0,Belarus,0.0
877,2019,1.1.1,112.0,Belarus,0.0
878,2020,1.1.1,112.0,Belarus,0.0
879,2021,1.1.1,112.0,Belarus,0.0
890,2010,1.1.1,120.0,Cameroon,31.8
891,2011,1.1.1,120.0,Cameroon,31.8
892,2012,1.1.1,120.0,Cameroon,31.8
893,2013,1.1.1,120.0,Cameroon,31.8
894,2014,1.1.1,120.0,Cameroon,26.0
895,2015,1.1.1,120.0,Cameroon,26.0
896,2016,1.1.1,120.0,Cameroon,26.0
897,2017,1.1.1,120.0,Cameroon,26.0
898,2018,1.1.1,120.0,Cameroon,26.0
899,2019,1.1.1,120.0,Cameroon,26.0
900,2020,1.1.1,120.0,Cameroon,26.0
901,2021,1.1.1,120.0,Cameroon,26.0
912,2010,1.1.1,124.0,Canada,0.2
913,2011,1.1.1,124.0,Canada,0.2
914,2012,1.1.1,124.0,Canada,0.2
915,2013,1.1.1,124.0,Canada,0.5
916,2014,1.1.1,124.0,Canada,0.2
917,2015,1.1.1,124.0,Canada,0.2
918,2016,1.1.1,124.0,Canada,0.2
919,2017,1.1.1,124.0,Canada,0.2
920,2018,1.1.1,124.0,Canada,0.2
921,2019,1.1.1,124.0,Canada,0.2
922,2020,1.1.1,124.0,Canada,0.2
923,2021,1.1.1,124.0,Canada,0.2
934,2010,1.1.1,132.0,Cabo Verde,8.4
935,2011,1.1.1,132.0,Cabo Verde,8.4
936,2012,1.1.1,132.0,Cabo Verde,8.4
937,2013,1.1.1,132.0,Cabo Verde,8.4
938,2014,1.1.1,132.0,Cabo Verde,8.4
939,2015,1.1.1,132.0,Cabo Verde,3.4
940,2016,1.1.1,132.0,Cabo Verde,3.4
941,2017,1.1.1,132.0,Cabo Verde,3.4
942,2018,1.1.1,132.0,Cabo Verde,3.4
943,2019,1.1.1,132.0,Cabo Verde,3.4
944,2020,1.1.1,132.0,Cabo Verde,3.4
945,2021,1.1.1,132.0,Cabo Verde,3.4
956,2010,1.1.1,135.0,Caucasus and Central Asia,15.9
957,2011,1.1.1,135.0,Caucasus and Central Asia,15.9
958,2012,1.1.1,135.0,Caucasus and Central Asia,15.9
959,2013,1.1.1,135.0,Caucasus and Central Asia,15.9
960,2014,1.1.1,135.0,Caucasus and Central Asia,15.9
961,2015,1.1.1,135.0,Caucasus and Central Asia,15.9
962,2016,1.1.1,135.0,Caucasus and Central Asia,15.9
963,2017,1.1.1,135.0,Caucasus and Central Asia,15.9
964,2018,1.1.1,135.0,Caucasus and Central Asia,15.9
965,2019,1.1.1,135.0,Caucasus and Central Asia,15.9
966,2020,1.1.1,135.0,Caucasus and Central Asia,15.9
967,2021,1.1.1,135.0,Caucasus and Central Asia,15.9
978,2010,1.1.1,140.0,Central African Republic,65.9
979,2011,1.1.1,140.0,Central African Republic,65.9
980,2012,1.1.1,140.0,Central African Republic,65.9
981,2013,1.1.1,140.0,Central African Republic,65.9
982,2014,1.1.1,140.0,Central African Republic,65.9
983,2015,1.1.1,140.0,Central African Republic,65.9
984,2016,1.1.1,140.0,Central African Republic,65.9
985,2017,1.1.1,140.0,Central African Republic,65.9
986,2018,1.1.1,140.0,Central African Republic,65.9
987,2019,1.1.1,140.0,Central African Republic,65.9
988,2020,1.1.1,140.0,Central African Republic,65.9
989,2021,1.1.1,140.0,Central African Republic,65.9
1000,2010,1.1.1,142.0,Asia,15.8
1001,2011,1.1.1,142.0,Asia,12.5
1002,2012,1.1.1,142.0,Asia,11.2
1003,2013,1.1.1,142.0,Asia,8.7
1004,2014,1.1.1,142.0,Asia,7.7
1005,2015,1.1.1,142.0,Asia,6.7
1006,2016,1.1.1,142.0,Asia,5.8
1007,2017,1.1.1,142.0,Asia,5.1
1008,2018,1.1.1,142.0,Asia,2.4
1009,2019,1.1.1,142.0,Asia,2.2
1010,2020,1.1.1,142.0,Asia,2.2
1011,2021,1.1.1,142.0,Asia,2.2
1022,2010,1.1.1,143.0,Central Asia,25.7
1023,2011,1.1.1,143.0,Central Asia,25.7
1024,2012,1.1.1,143.0,Central Asia,25.7
1025,2013,1.1.1,143.0,Central Asia,25.7
1026,2014,1.1.1,143.0,Central Asia,25.7
1027,2015,1.1.1,143.0,Central Asia,25.7
1028,2016,1.1.1,143.0,Central Asia,25.7
1029,2017,1.1.1,143.0,Central Asia,25.7
1030,2018,1.1.1,143.0,Central Asia,25.7
1031,2019,1.1.1,143.0,Central Asia,25.7
1032,2020,1.1.1,143.0,Central Asia,25.7
1033,2021,1.1.1,143.0,Central Asia,25.7
1044,2010,1.1.1,144.0,Sri Lanka,2.8
1045,2011,1.1.1,144.0,Sri Lanka,2.8
1046,2012,1.1.1,144.0,Sri Lanka,1.9
1047,2013,1.1.1,144.0,Sri Lanka,1.9
1048,2014,1.1.1,144.0,Sri Lanka,1.9
1049,2015,1.1.1,144.0,Sri Lanka,1.9
1050,2016,1.1.1,144.0,Sri Lanka,0.9
1051,2017,1.1.1,144.0,Sri Lanka,0.9
1052,2018,1.1.1,144.0,Sri Lanka,0.9
1053,2019,1.1.1,144.0,Sri Lanka,0.9
1054,2020,1.1.1,144.0,Sri Lanka,0.9
1055,2021,1.1.1,144.0,Sri Lanka,0.9
1066,2010,1.1.1,145.0,Western Asia,2.0
1067,2011,1.1.1,145.0,Western Asia,2.6
1068,2012,1.1.1,145.0,Western Asia,2.7
1069,2013,1.1.1,145.0,Western Asia,2.7
1070,2014,1.1.1,145.0,Western Asia,3.2
1071,2015,1.1.1,145.0,Western Asia,6.2
1072,2016,1.1.1,145.0,Western Asia,7.5
1073,2017,1.1.1,145.0,Western Asia,9.1
1074,2018,1.1.1,145.0,Western Asia,9.1
1075,2019,1.1.1,145.0,Western Asia,9.1
1076,2020,1.1.1,145.0,Western Asia,9.1
1077,2021,1.1.1,145.0,Western Asia,9.1
1088,2010,1.1.1,148.0,Chad,60.0
1089,2011,1.1.1,148.0,Chad,38.1
1090,2012,1.1.1,148.0,Chad,38.1
1091,2013,1.1.1,148.0,Chad,38.1
1092,2014,1.1.1,148.0,Chad,38.1
1093,2015,1.1.1,148.0,Chad,38.1
1094,2016,1.1.1,148.0,Chad,38.1
1095,2017,1.1.1,148.0,Chad,38.1
1096,2018,1.1.1,148.0,Chad,38.1
1097,2019,1.1.1,148.0,Chad,38.1
1098,2020,1.1.1,148.0,Chad,38.1
1099,2021,1.1.1,148.0,Chad,38.1
1110,2010,1.1.1,150.0,Europe,0.3
1111,2011,1.1.1,150.0,Europe,0.3
1112,2012,1.1.1,150.0,Europe,0.4
1113,2013,1.1.1,150.0,Europe,0.3
1114,2014,1.1.1,150.0,Europe,0.5
1115,2015,1.1.1,150.0,Europe,0.5
1116,2016,1.1.1,150.0,Europe,0.4
1117,2017,1.1.1,150.0,Europe,0.4
1118,2018,1.1.1,150.0,Europe,0.3
1119,2019,1.1.1,150.0,Europe,0.3
1120,2020,1.1.1,150.0,Europe,0.3
1121,2021,1.1.1,150.0,Europe,0.3
1132,2010,1.1.1,151.0,Eastern Europe,0.1
1133,2011,1.1.1,151.0,Eastern Europe,0.1
1134,2012,1.1.1,151.0,Eastern Europe,0.1
1135,2013,1.1.1,151.0,Eastern Europe,0.1
1136,2014,1.1.1,151.0,Eastern Europe,0.5
1137,2015,1.1.1,151.0,Eastern Europe,0.4
1138,2016,1.1.1,151.0,Eastern Europe,0.1
1139,2017,1.1.1,151.0,Eastern Europe,0.3
1140,2018,1.1.1,151.0,Eastern Europe,0.2
1141,2019,1.1.1,151.0,Eastern Europe,0.2
1142,2020,1.1.1,151.0,Eastern Europe,0.2
1143,2021,1.1.1,151.0,Eastern Europe,0.2
1154,2010,1.1.1,152.0,Chile,1.3
1155,2011,1.1.1,152.0,Chile,0.6
1156,2012,1.1.1,152.0,Chile,0.6
1157,2013,1.1.1,152.0,Chile,0.4
1158,2014,1.1.1,152.0,Chile,0.4
1159,2015,1.1.1,152.0,Chile,0.3
1160,2016,1.1.1,152.0,Chile,0.3
1161,2017,1.1.1,152.0,Chile,0.3
1162,2018,1.1.1,152.0,Chile,0.3
1163,2019,1.1.1,152.0,Chile,0.3
1164,2020,1.1.1,152.0,Chile,0.3
1165,2021,1.1.1,152.0,Chile,0.3
1176,2010,1.1.1,154.0,Northern Europe,0.3
1177,2011,1.1.1,154.0,Northern Europe,0.4
1178,2012,1.1.1,154.0,Northern Europe,0.2
1179,2013,1.1.1,154.0,Northern Europe,0.3
1180,2014,1.1.1,154.0,Northern Europe,0.3
1181,2015,1.1.1,154.0,Northern Europe,0.2
1182,2016,1.1.1,154.0,Northern Europe,0.2
1183,2017,1.1.1,154.0,Northern Europe,0.3
1184,2018,1.1.1,154.0,Northern Europe,0.3
1185,2019,1.1.1,154.0,Northern Europe,0.3
1186,2020,1.1.1,154.0,Northern Europe,0.3
1187,2021,1.1.1,154.0,Northern Europe,0.3
1198,2010,1.1.1,155.0,Western Europe,0.1
1199,2011,1.1.1,155.0,Western Europe,0.0
1200,2012,1.1.1,155.0,Western Europe,0.1
1201,2013,1.1.1,155.0,Western Europe,0.1
1202,2014,1.1.1,155.0,Western Europe,0.0
1203,2015,1.1.1,155.0,Western Europe,0.1
1204,2016,1.1.1,155.0,Western Europe,0.1
1205,2017,1.1.1,155.0,Western Europe,0.0
1206,2018,1.1.1,155.0,Western Europe,0.0
1207,2019,1.1.1,155.0,Western Europe,0.0
1208,2020,1.1.1,155.0,Western Europe,0.0
1209,2021,1.1.1,155.0,Western Europe,0.0
1220,2010,1.1.1,156.0,China,11.2
1221,2011,1.1.1,156.0,China,7.9
1222,2012,1.1.1,156.0,China,6.5
1223,2013,1.1.1,156.0,China,1.9
1224,2014,1.1.1,156.0,China,1.4
1225,2015,1.1.1,156.0,China,0.7
1226,2016,1.1.1,156.0,China,0.5
1227,2017,1.1.1,156.0,China,0.5
1228,2018,1.1.1,156.0,China,0.5
1229,2019,1.1.1,156.0,China,0.5
1230,2020,1.1.1,156.0,China,0.5
1231,2021,1.1.1,156.0,China,0.5
1242,2010,1.1.1,170.0,Colombia,7.8
1243,2011,1.1.1,170.0,Colombia,6.3
1244,2012,1.1.1,170.0,Colombia,6.2
1245,2013,1.1.1,170.0,Colombia,5.6
1246,2014,1.1.1,170.0,Colombia,5.0
1247,2015,1.1.1,170.0,Colombia,4.6
1248,2016,1.1.1,170.0,Colombia,4.5
1249,2017,1.1.1,170.0,Colombia,4.0
1250,2018,1.1.1,170.0,Colombia,4.2
1251,2019,1.1.1,170.0,Colombia,4.9
1252,2020,1.1.1,170.0,Colombia,4.9
1253,2021,1.1.1,170.0,Colombia,4.9
1264,2010,1.1.1,174.0,Comoros,15.0
1265,2011,1.1.1,174.0,Comoros,15.0
1266,2012,1.1.1,174.0,Comoros,15.0
1267,2013,1.1.1,174.0,Comoros,15.0
1268,2014,1.1.1,174.0,Comoros,19.1
1269,2015,1.1.1,174.0,Comoros,19.1
1270,2016,1.1.1,174.0,Comoros,19.1
1271,2017,1.1.1,174.0,Comoros,19.1
1272,2018,1.1.1,174.0,Comoros,19.1
1273,2019,1.1.1,174.0,Comoros,19.1
1274,2020,1.1.1,174.0,Comoros,19.1
1275,2021,1.1.1,174.0,Comoros,19.1
1286,2010,1.1.1,178.0,Congo,55.1
1287,2011,1.1.1,178.0,Congo,39.6
1288,2012,1.1.1,178.0,Congo,39.6
1289,2013,1.1.1,178.0,Congo,39.6
1290,2014,1.1.1,178.0,Congo,39.6
1291,2015,1.1.1,178.0,Congo,39.6
1292,2016,1.1.1,178.0,Congo,39.6
1293,2017,1.1.1,178.0,Congo,39.6
1294,2018,1.1.1,178.0,Congo,39.6
1295,2019,1.1.1,178.0,Congo,39.6
1296,2020,1.1.1,178.0,Congo,39.6
1297,2021,1.1.1,178.0,Congo,39.6
1308,2010,1.1.1,180.0,Democratic Republic of the Congo,94.3
1309,2011,1.1.1,180.0,Democratic Republic of the Congo,94.3
1310,2012,1.1.1,180.0,Democratic Republic of the Congo,77.2
1311,2013,1.1.1,180.0,Democratic Republic of the Congo,77.2
1312,2014,1.1.1,180.0,Democratic Republic of the Congo,77.2
1313,2015,1.1.1,180.0,Democratic Republic of the Congo,77.2
1314,2016,1.1.1,180.0,Democratic Republic of the Congo,77.2
1315,2017,1.1.1,180.0,Democratic Republic of the Congo,77.2
1316,2018,1.1.1,180.0,Democratic Republic of the Congo,77.2
1317,2019,1.1.1,180.0,Democratic Republic of the Congo,77.2
1318,2020,1.1.1,180.0,Democratic Republic of the Congo,77.2
1319,2021,1.1.1,180.0,Democratic Republic of the Congo,77.2
1330,2010,1.1.1,188.0,Costa Rica,1.6
1331,2011,1.1.1,188.0,Costa Rica,1.7
1332,2012,1.1.1,188.0,Costa Rica,1.7
1333,2013,1.1.1,188.0,Costa Rica,1.6
1334,2014,1.1.1,188.0,Costa Rica,1.5
1335,2015,1.1.1,188.0,Costa Rica,1.5
1336,2016,1.1.1,188.0,Costa Rica,1.3
1337,2017,1.1.1,188.0,Costa Rica,1.1
1338,2018,1.1.1,188.0,Costa Rica,1.5
1339,2019,1.1.1,188.0,Costa Rica,1.0
1340,2020,1.1.1,188.0,Costa Rica,1.0
1341,2021,1.1.1,188.0,Costa Rica,1.0
1352,2010,1.1.1,191.0,Croatia,1.2
1353,2011,1.1.1,191.0,Croatia,0.7
1354,2012,1.1.1,191.0,Croatia,0.8
1355,2013,1.1.1,191.0,Croatia,0.7
1356,2014,1.1.1,191.0,Croatia,1.0
1357,2015,1.1.1,191.0,Croatia,0.6
1358,2016,1.1.1,191.0,Croatia,0.6
1359,2017,1.1.1,191.0,Croatia,0.5
1360,2018,1.1.1,191.0,Croatia,0.4
1361,2019,1.1.1,191.0,Croatia,0.4
1362,2020,1.1.1,191.0,Croatia,0.4
1363,2021,1.1.1,191.0,Croatia,0.4
1374,2010,1.1.1,196.0,Cyprus,0.0
1375,2011,1.1.1,196.0,Cyprus,0.0
1376,2012,1.1.1,196.0,Cyprus,0.0
1377,2013,1.1.1,196.0,Cyprus,0.1
1378,2014,1.1.1,196.0,Cyprus,0.1
1379,2015,1.1.1,196.0,Cyprus,0.0
1380,2016,1.1.1,196.0,Cyprus,0.0
1381,2017,1.1.1,196.0,Cyprus,0.0
1382,2018,1.1.1,196.0,Cyprus,0.0
1383,2019,1.1.1,196.0,Cyprus,0.0
1384,2020,1.1.1,196.0,Cyprus,0.0
1385,2021,1.1.1,196.0,Cyprus,0.0
1396,2010,1.1.1,199.0,Least Developed Countries (LDCs),40.8
1397,2011,1.1.1,199.0,Least Developed Countries (LDCs),39.9
1398,2012,1.1.1,199.0,Least Developed Countries (LDCs),38.3
1399,2013,1.1.1,199.0,Least Developed Countries (LDCs),37.5
1400,2014,1.1.1,199.0,Least Developed Countries (LDCs),36.9
1401,2015,1.1.1,199.0,Least Developed Countries (LDCs),37.3
1402,2016,1.1.1,199.0,Least Developed Countries (LDCs),37.2
1403,2017,1.1.1,199.0,Least Developed Countries (LDCs),36.3
1404,2018,1.1.1,199.0,Least Developed Countries (LDCs),35.3
1405,2019,1.1.1,199.0,Least Developed Countries (LDCs),35.3
1406,2020,1.1.1,199.0,Least Developed Countries (LDCs),35.3
1407,2021,1.1.1,199.0,Least Developed Countries (LDCs),35.3
1418,2010,1.1.1,202.0,Sub-Saharan Africa,48.7
1419,2011,1.1.1,202.0,Sub-Saharan Africa,46.8
1420,2012,1.1.1,202.0,Sub-Saharan Africa,45.2
1421,2013,1.1.1,202.0,Sub-Saharan Africa,44.8
1422,2014,1.1.1,202.0,Sub-Saharan Africa,43.5
1423,2015,1.1.1,202.0,Sub-Saharan Africa,43.2
1424,2016,1.1.1,202.0,Sub-Saharan Africa,43.1
1425,2017,1.1.1,202.0,Sub-Saharan Africa,42.4
1426,2018,1.1.1,202.0,Sub-Saharan Africa,41.5
1427,2019,1.1.1,202.0,Sub-Saharan Africa,41.5
1428,2020,1.1.1,202.0,Sub-Saharan Africa,41.5
1429,2021,1.1.1,202.0,Sub-Saharan Africa,41.5
1440,2010,1.1.1,203.0,Czechia,0.0
1441,2011,1.1.1,203.0,Czechia,0.0
1442,2012,1.1.1,203.0,Czechia,0.0
1443,2013,1.1.1,203.0,Czechia,0.0
1444,2014,1.1.1,203.0,Czechia,0.0
1445,2015,1.1.1,203.0,Czechia,0.0
1446,2016,1.1.1,203.0,Czechia,0.0
1447,2017,1.1.1,203.0,Czechia,0.0
1448,2018,1.1.1,203.0,Czechia,0.0
1449,2019,1.1.1,203.0,Czechia,0.0
1450,2020,1.1.1,203.0,Czechia,0.0
1451,2021,1.1.1,203.0,Czechia,0.0
1462,2010,1.1.1,204.0,Benin,51.4
1463,2011,1.1.1,204.0,Benin,53.2
1464,2012,1.1.1,204.0,Benin,53.2
1465,2013,1.1.1,204.0,Benin,53.2
1466,2014,1.1.1,204.0,Benin,53.2
1467,2015,1.1.1,204.0,Benin,49.6
1468,2016,1.1.1,204.0,Benin,49.6
1469,2017,1.1.1,204.0,Benin,49.6
1470,2018,1.1.1,204.0,Benin,49.6
1471,2019,1.1.1,204.0,Benin,49.6
1472,2020,1.1.1,204.0,Benin,49.6
1473,2021,1.1.1,204.0,Benin,49.6
1484,2010,1.1.1,208.0,Denmark,0.1
1485,2011,1.1.1,208.0,Denmark,0.0
1486,2012,1.1.1,208.0,Denmark,0.0
1487,2013,1.1.1,208.0,Denmark,0.3
1488,2014,1.1.1,208.0,Denmark,0.2
1489,2015,1.1.1,208.0,Denmark,0.2
1490,2016,1.1.1,208.0,Denmark,0.3
1491,2017,1.1.1,208.0,Denmark,0.1
1492,2018,1.1.1,208.0,Denmark,0.2
1493,2019,1.1.1,208.0,Denmark,0.2
1494,2020,1.1.1,208.0,Denmark,0.2
1495,2021,1.1.1,208.0,Denmark,0.2
1506,2010,1.1.1,214.0,Dominican Republic,2.5
1507,2011,1.1.1,214.0,Dominican Republic,2.9
1508,2012,1.1.1,214.0,Dominican Republic,2.6
1509,2013,1.1.1,214.0,Dominican Republic,2.2
1510,2014,1.1.1,214.0,Dominican Republic,2.1
1511,2015,1.1.1,214.0,Dominican Republic,1.8
1512,2016,1.1.1,214.0,Dominican Republic,1.6
1513,2017,1.1.1,214.0,Dominican Republic,0.7
1514,2018,1.1.1,214.0,Dominican Republic,0.4
1515,2019,1.1.1,214.0,Dominican Republic,0.6
1516,2020,1.1.1,214.0,Dominican Republic,0.6
1517,2021,1.1.1,214.0,Dominican Republic,0.6
1528,2010,1.1.1,218.0,Ecuador,5.7
1529,2011,1.1.1,218.0,Ecuador,4.7
1530,2012,1.1.1,218.0,Ecuador,4.5
1531,2013,1.1.1,218.0,Ecuador,3.2
1532,2014,1.1.1,218.0,Ecuador,2.6
1533,2015,1.1.1,218.0,Ecuador,3.5
1534,2016,1.1.1,218.0,Ecuador,3.6
1535,2017,1.1.1,218.0,Ecuador,3.2
1536,2018,1.1.1,218.0,Ecuador,3.3
1537,2019,1.1.1,218.0,Ecuador,3.6
1538,2020,1.1.1,218.0,Ecuador,3.6
1539,2021,1.1.1,218.0,Ecuador,3.6
1550,2010,1.1.1,222.0,El Salvador,5.7
1551,2011,1.1.1,222.0,El Salvador,4.7
1552,2012,1.1.1,222.0,El Salvador,4.2
1553,2013,1.1.1,222.0,El Salvador,3.4
1554,2014,1.1.1,222.0,El Salvador,3.1
1555,2015,1.1.1,222.0,El Salvador,2.0
1556,2016,1.1.1,222.0,El Salvador,2.3
1557,2017,1.1.1,222.0,El Salvador,1.9
1558,2018,1.1.1,222.0,El Salvador,1.5
1559,2019,1.1.1,222.0,El Salvador,1.3
1560,2020,1.1.1,222.0,El Salvador,1.3
1561,2021,1.1.1,222.0,El Salvador,1.3
1572,2010,1.1.1,231.0,Ethiopia,35.6
1573,2011,1.1.1,231.0,Ethiopia,35.6
1574,2012,1.1.1,231.0,Ethiopia,35.6
1575,2013,1.1.1,231.0,Ethiopia,35.6
1576,2014,1.1.1,231.0,Ethiopia,35.6
1577,2015,1.1.1,231.0,Ethiopia,30.8
1578,2016,1.1.1,231.0,Ethiopia,30.8
1579,2017,1.1.1,231.0,Ethiopia,30.8
1580,2018,1.1.1,231.0,Ethiopia,30.8
1581,2019,1.1.1,231.0,Ethiopia,30.8
1582,2020,1.1.1,231.0,Ethiopia,30.8
1583,2021,1.1.1,231.0,Ethiopia,30.8
1594,2010,1.1.1,233.0,Estonia,0.7
1595,2011,1.1.1,233.0,Estonia,1.0
1596,2012,1.1.1,233.0,Estonia,0.7
1597,2013,1.1.1,233.0,Estonia,0.8
1598,2014,1.1.1,233.0,Estonia,0.7
1599,2015,1.1.1,233.0,Estonia,0.6
1600,2016,1.1.1,233.0,Estonia,0.5
1601,2017,1.1.1,233.0,Estonia,0.3
1602,2018,1.1.1,233.0,Estonia,0.2
1603,2019,1.1.1,233.0,Estonia,0.2
1604,2020,1.1.1,233.0,Estonia,0.2
1605,2021,1.1.1,233.0,Estonia,0.2
1616,2010,1.1.1,242.0,Fiji,1.6
1617,2011,1.1.1,242.0,Fiji,1.6
1618,2012,1.1.1,242.0,Fiji,1.6
1619,2013,1.1.1,242.0,Fiji,0.5
1620,2014,1.1.1,242.0,Fiji,0.5
1621,2015,1.1.1,242.0,Fiji,0.5
1622,2016,1.1.1,242.0,Fiji,0.5
1623,2017,1.1.1,242.0,Fiji,0.5
1624,2018,1.1.1,242.0,Fiji,0.5
1625,2019,1.1.1,242.0,Fiji,0.5
1626,2020,1.1.1,242.0,Fiji,0.5
1627,2021,1.1.1,242.0,Fiji,0.5
1638,2010,1.1.1,246.0,Finland,0.0
1639,2011,1.1.1,246.0,Finland,0.0
1640,2012,1.1.1,246.0,Finland,0.1
1641,2013,1.1.1,246.0,Finland,0.1
1642,2014,1.1.1,246.0,Finland,0.1
1643,2015,1.1.1,246.0,Finland,0.1
1644,2016,1.1.1,246.0,Finland,0.0
1645,2017,1.1.1,246.0,Finland,0.1
1646,2018,1.1.1,246.0,Finland,0.1
1647,2019,1.1.1,246.0,Finland,0.1
1648,2020,1.1.1,246.0,Finland,0.1
1649,2021,1.1.1,246.0,Finland,0.1
1660,2010,1.1.1,250.0,France,0.1
1661,2011,1.1.1,250.0,France,0.0
1662,2012,1.1.1,250.0,France,0.1
1663,2013,1.1.1,250.0,France,0.1
1664,2014,1.1.1,250.0,France,0.0
1665,2015,1.1.1,250.0,France,0.1
1666,2016,1.1.1,250.0,France,0.1
1667,2017,1.1.1,250.0,France,0.0
1668,2018,1.1.1,250.0,France,0.0
1669,2019,1.1.1,250.0,France,0.0
1670,2020,1.1.1,250.0,France,0.0
1671,2021,1.1.1,250.0,France,0.0
1682,2010,1.1.1,262.0,Djibouti,20.2
1683,2011,1.1.1,262.0,Djibouti,20.2
1684,2012,1.1.1,262.0,Djibouti,18.2
1685,2013,1.1.1,262.0,Djibouti,22.3
1686,2014,1.1.1,262.0,Djibouti,22.3
1687,2015,1.1.1,262.0,Djibouti,22.3
1688,2016,1.1.1,262.0,Djibouti,22.3
1689,2017,1.1.1,262.0,Djibouti,17.0
1690,2018,1.1.1,262.0,Djibouti,17.0
1691,2019,1.1.1,262.0,Djibouti,17.0
1692,2020,1.1.1,262.0,Djibouti,17.0
1693,2021,1.1.1,262.0,Djibouti,17.0
1704,2010,1.1.1,266.0,Gabon,8.0
1705,2011,1.1.1,266.0,Gabon,8.0
1706,2012,1.1.1,266.0,Gabon,8.0
1707,2013,1.1.1,266.0,Gabon,8.0
1708,2014,1.1.1,266.0,Gabon,8.0
1709,2015,1.1.1,266.0,Gabon,8.0
1710,2016,1.1.1,266.0,Gabon,8.0
1711,2017,1.1.1,266.0,Gabon,3.4
1712,2018,1.1.1,266.0,Gabon,3.4
1713,2019,1.1.1,266.0,Gabon,3.4
1714,2020,1.1.1,266.0,Gabon,3.4
1715,2021,1.1.1,266.0,Gabon,3.4
1726,2010,1.1.1,268.0,Georgia,12.0
1727,2011,1.1.1,268.0,Georgia,11.1
1728,2012,1.1.1,268.0,Georgia,8.5
1729,2013,1.1.1,268.0,Georgia,6.4
1730,2014,1.1.1,268.0,Georgia,4.9
1731,2015,1.1.1,268.0,Georgia,3.7
1732,2016,1.1.1,268.0,Georgia,3.8
1733,2017,1.1.1,268.0,Georgia,5.0
1734,2018,1.1.1,268.0,Georgia,4.5
1735,2019,1.1.1,268.0,Georgia,3.8
1736,2020,1.1.1,268.0,Georgia,3.8
1737,2021,1.1.1,268.0,Georgia,3.8
1748,2010,1.1.1,270.0,Gambia,25.4
1749,2011,1.1.1,270.0,Gambia,25.4
1750,2012,1.1.1,270.0,Gambia,25.4
1751,2013,1.1.1,270.0,Gambia,25.4
1752,2014,1.1.1,270.0,Gambia,25.4
1753,2015,1.1.1,270.0,Gambia,10.3
1754,2016,1.1.1,270.0,Gambia,10.3
1755,2017,1.1.1,270.0,Gambia,10.3
1756,2018,1.1.1,270.0,Gambia,10.3
1757,2019,1.1.1,270.0,Gambia,10.3
1758,2020,1.1.1,270.0,Gambia,10.3
1759,2021,1.1.1,270.0,Gambia,10.3
1770,2010,1.1.1,275.0,State of Palestine,0.2
1771,2011,1.1.1,275.0,State of Palestine,0.2
1772,2012,1.1.1,275.0,State of Palestine,0.2
1773,2013,1.1.1,275.0,State of Palestine,0.2
1774,2014,1.1.1,275.0,State of Palestine,0.2
1775,2015,1.1.1,275.0,State of Palestine,0.2
1776,2016,1.1.1,275.0,State of Palestine,0.8
1777,2017,1.1.1,275.0,State of Palestine,0.8
1778,2018,1.1.1,275.0,State of Palestine,0.8
1779,2019,1.1.1,275.0,State of Palestine,0.8
1780,2020,1.1.1,275.0,State of Palestine,0.8
1781,2021,1.1.1,275.0,State of Palestine,0.8
1792,2010,1.1.1,276.0,Germany,0.0
1793,2011,1.1.1,276.0,Germany,0.0
1794,2012,1.1.1,276.0,Germany,0.0
1795,2013,1.1.1,276.0,Germany,0.0
1796,2014,1.1.1,276.0,Germany,0.0
1797,2015,1.1.1,276.0,Germany,0.0
1798,2016,1.1.1,276.0,Germany,0.0
1799,2017,1.1.1,276.0,Germany,0.0
1800,2018,1.1.1,276.0,Germany,0.0
1801,2019,1.1.1,276.0,Germany,0.0
1802,2020,1.1.1,276.0,Germany,0.0
1803,2021,1.1.1,276.0,Germany,0.0
1814,2010,1.1.1,288.0,Ghana,23.4
1815,2011,1.1.1,288.0,Ghana,23.4
1816,2012,1.1.1,288.0,Ghana,11.2
1817,2013,1.1.1,288.0,Ghana,11.2
1818,2014,1.1.1,288.0,Ghana,11.2
1819,2015,1.1.1,288.0,Ghana,11.2
1820,2016,1.1.1,288.0,Ghana,12.7
1821,2017,1.1.1,288.0,Ghana,12.7
1822,2018,1.1.1,288.0,Ghana,12.7
1823,2019,1.1.1,288.0,Ghana,12.7
1824,2020,1.1.1,288.0,Ghana,12.7
1825,2021,1.1.1,288.0,Ghana,12.7
1836,2010,1.1.1,296.0,Kiribati,12.9
1837,2011,1.1.1,296.0,Kiribati,12.9
1838,2012,1.1.1,296.0,Kiribati,12.9
1839,2013,1.1.1,296.0,Kiribati,12.9
1840,2014,1.1.1,296.0,Kiribati,12.9
1841,2015,1.1.1,296.0,Kiribati,12.9
1842,2016,1.1.1,296.0,Kiribati,12.9
1843,2017,1.1.1,296.0,Kiribati,12.9
1844,2018,1.1.1,296.0,Kiribati,12.9
1845,2019,1.1.1,296.0,Kiribati,12.9
1846,2020,1.1.1,296.0,Kiribati,12.9
1847,2021,1.1.1,296.0,Kiribati,12.9
1858,2010,1.1.1,300.0,Greece,1.0
1859,2011,1.1.1,300.0,Greece,1.2
1860,2012,1.1.1,300.0,Greece,1.5
1861,2013,1.1.1,300.0,Greece,1.0
1862,2014,1.1.1,300.0,Greece,1.5
1863,2015,1.1.1,300.0,Greece,1.4
1864,2016,1.1.1,300.0,Greece,1.1
1865,2017,1.1.1,300.0,Greece,0.9
1866,2018,1.1.1,300.0,Greece,0.1
1867,2019,1.1.1,300.0,Greece,0.1
1868,2020,1.1.1,300.0,Greece,0.1
1869,2021,1.1.1,300.0,Greece,0.1
1880,2010,1.1.1,320.0,Guatemala,11.2
1881,2011,1.1.1,320.0,Guatemala,11.2
1882,2012,1.1.1,320.0,Guatemala,11.2
1883,2013,1.1.1,320.0,Guatemala,11.2
1884,2014,1.1.1,320.0,Guatemala,8.8
1885,2015,1.1.1,320.0,Guatemala,8.8
1886,2016,1.1.1,320.0,Guatemala,8.8
1887,2017,1.1.1,320.0,Guatemala,8.8
1888,2018,1.1.1,320.0,Guatemala,8.8
1889,2019,1.1.1,320.0,Guatemala,8.8
1890,2020,1.1.1,320.0,Guatemala,8.8
1891,2021,1.1.1,320.0,Guatemala,8.8
1902,2010,1.1.1,324.0,Guinea,58.4
1903,2011,1.1.1,324.0,Guinea,58.4
1904,2012,1.1.1,324.0,Guinea,36.1
1905,2013,1.1.1,324.0,Guinea,36.1
1906,2014,1.1.1,324.0,Guinea,36.1
1907,2015,1.1.1,324.0,Guinea,36.1
1908,2016,1.1.1,324.0,Guinea,36.1
1909,2017,1.1.1,324.0,Guinea,36.1
1910,2018,1.1.1,324.0,Guinea,36.1
1911,2019,1.1.1,324.0,Guinea,36.1
1912,2020,1.1.1,324.0,Guinea,36.1
1913,2021,1.1.1,324.0,Guinea,36.1
1926,2012,1.1.1,332.0,Haiti,24.5
1927,2013,1.1.1,332.0,Haiti,24.5
1928,2014,1.1.1,332.0,Haiti,24.5
1929,2015,1.1.1,332.0,Haiti,24.5
1930,2016,1.1.1,332.0,Haiti,24.5
1931,2017,1.1.1,332.0,Haiti,24.5
1932,2018,1.1.1,332.0,Haiti,24.5
1933,2019,1.1.1,332.0,Haiti,24.5
1934,2020,1.1.1,332.0,Haiti,24.5
1935,2021,1.1.1,332.0,Haiti,24.5
1946,2010,1.1.1,340.0,Honduras,15.6
1947,2011,1.1.1,340.0,Honduras,17.4
1948,2012,1.1.1,340.0,Honduras,20.1
1949,2013,1.1.1,340.0,Honduras,17.7
1950,2014,1.1.1,340.0,Honduras,16.3
1951,2015,1.1.1,340.0,Honduras,16.4
1952,2016,1.1.1,340.0,Honduras,16.1
1953,2017,1.1.1,340.0,Honduras,15.4
1954,2018,1.1.1,340.0,Honduras,15.8
1955,2019,1.1.1,340.0,Honduras,14.8
1956,2020,1.1.1,340.0,Honduras,14.8
1957,2021,1.1.1,340.0,Honduras,14.8
1968,2010,1.1.1,348.0,Hungary,0.1
1969,2011,1.1.1,348.0,Hungary,0.1
1970,2012,1.1.1,348.0,Hungary,0.3
1971,2013,1.1.1,348.0,Hungary,0.1
1972,2014,1.1.1,348.0,Hungary,0.6
1973,2015,1.1.1,348.0,Hungary,0.6
1974,2016,1.1.1,348.0,Hungary,1.3
1975,2017,1.1.1,348.0,Hungary,0.6
1976,2018,1.1.1,348.0,Hungary,0.2
1977,2019,1.1.1,348.0,Hungary,0.2
1978,2020,1.1.1,348.0,Hungary,0.2
1979,2021,1.1.1,348.0,Hungary,0.2
1990,2010,1.1.1,352.0,Iceland,0.1
1991,2011,1.1.1,352.0,Iceland,0.1
1992,2012,1.1.1,352.0,Iceland,0.0
1993,2013,1.1.1,352.0,Iceland,0.0
1994,2014,1.1.1,352.0,Iceland,0.0
1995,2015,1.1.1,352.0,Iceland,0.0
1996,2016,1.1.1,352.0,Iceland,0.0
1997,2017,1.1.1,352.0,Iceland,0.0
1998,2018,1.1.1,352.0,Iceland,0.0
1999,2019,1.1.1,352.0,Iceland,0.0
2000,2020,1.1.1,352.0,Iceland,0.0
2001,2021,1.1.1,352.0,Iceland,0.0
2012,2010,1.1.1,356.0,India,32.8
2013,2011,1.1.1,356.0,India,22.5
2014,2012,1.1.1,356.0,India,22.5
2015,2013,1.1.1,356.0,India,22.5
2016,2014,1.1.1,356.0,India,22.5
2017,2015,1.1.1,356.0,India,22.5
2018,2016,1.1.1,356.0,India,22.5
2019,2017,1.1.1,356.0,India,22.5
2020,2018,1.1.1,356.0,India,22.5
2021,2019,1.1.1,356.0,India,22.5
2022,2020,1.1.1,356.0,India,22.5
2023,2021,1.1.1,356.0,India,22.5
2034,2010,1.1.1,360.0,Indonesia,13.3
2035,2011,1.1.1,360.0,Indonesia,10.9
2036,2012,1.1.1,360.0,Indonesia,9.5
2037,2013,1.1.1,360.0,Indonesia,7.3
2038,2014,1.1.1,360.0,Indonesia,6.2
2039,2015,1.1.1,360.0,Indonesia,5.8
2040,2016,1.1.1,360.0,Indonesia,5.2
2041,2017,1.1.1,360.0,Indonesia,4.5
2042,2018,1.1.1,360.0,Indonesia,3.6
2043,2019,1.1.1,360.0,Indonesia,2.9
2044,2020,1.1.1,360.0,Indonesia,2.9
2045,2021,1.1.1,360.0,Indonesia,2.9
2056,2010,1.1.1,364.0,Iran (Islamic Republic of),1.1
2057,2011,1.1.1,364.0,Iran (Islamic Republic of),1.1
2058,2012,1.1.1,364.0,Iran (Islamic Republic of),1.1
2059,2013,1.1.1,364.0,Iran (Islamic Republic of),0.2
2060,2014,1.1.1,364.0,Iran (Islamic Republic of),0.4
2061,2015,1.1.1,364.0,Iran (Islamic Republic of),0.4
2062,2016,1.1.1,364.0,Iran (Islamic Republic of),0.4
2063,2017,1.1.1,364.0,Iran (Islamic Republic of),0.4
2064,2018,1.1.1,364.0,Iran (Islamic Republic of),0.5
2065,2019,1.1.1,364.0,Iran (Islamic Republic of),0.5
2066,2020,1.1.1,364.0,Iran (Islamic Republic of),0.5
2067,2021,1.1.1,364.0,Iran (Islamic Republic of),0.5
2078,2010,1.1.1,368.0,Iraq,1.5
2079,2011,1.1.1,368.0,Iraq,1.5
2080,2012,1.1.1,368.0,Iraq,1.7
2081,2013,1.1.1,368.0,Iraq,1.7
2082,2014,1.1.1,368.0,Iraq,1.7
2083,2015,1.1.1,368.0,Iraq,1.7
2084,2016,1.1.1,368.0,Iraq,1.7
2085,2017,1.1.1,368.0,Iraq,1.7
2086,2018,1.1.1,368.0,Iraq,1.7
2087,2019,1.1.1,368.0,Iraq,1.7
2088,2020,1.1.1,368.0,Iraq,1.7
2089,2021,1.1.1,368.0,Iraq,1.7
2100,2010,1.1.1,372.0,Ireland,0.5
2101,2011,1.1.1,372.0,Ireland,0.5
2102,2012,1.1.1,372.0,Ireland,0.2
2103,2013,1.1.1,372.0,Ireland,0.7
2104,2014,1.1.1,372.0,Ireland,0.4
2105,2015,1.1.1,372.0,Ireland,0.3
2106,2016,1.1.1,372.0,Ireland,0.1
2107,2017,1.1.1,372.0,Ireland,0.2
2108,2018,1.1.1,372.0,Ireland,0.2
2109,2019,1.1.1,372.0,Ireland,0.2
2110,2020,1.1.1,372.0,Ireland,0.2
2111,2021,1.1.1,372.0,Ireland,0.2
2122,2010,1.1.1,376.0,Israel,0.2
2123,2011,1.1.1,376.0,Israel,0.2
2124,2012,1.1.1,376.0,Israel,0.5
2125,2013,1.1.1,376.0,Israel,0.5
2126,2014,1.1.1,376.0,Israel,0.5
2127,2015,1.1.1,376.0,Israel,0.5
2128,2016,1.1.1,376.0,Israel,0.2
2129,2017,1.1.1,376.0,Israel,0.2
2130,2018,1.1.1,376.0,Israel,0.2
2131,2019,1.1.1,376.0,Israel,0.2
2132,2020,1.1.1,376.0,Israel,0.2
2133,2021,1.1.1,376.0,Israel,0.2
2144,2010,1.1.1,380.0,Italy,1.3
2145,2011,1.1.1,380.0,Italy,1.2
2146,2012,1.1.1,380.0,Italy,1.2
2147,2013,1.1.1,380.0,Italy,1.4
2148,2014,1.1.1,380.0,Italy,1.2
2149,2015,1.1.1,380.0,Italy,1.9
2150,2016,1.1.1,380.0,Italy,1.6
2151,2017,1.1.1,380.0,Italy,1.4
2152,2018,1.1.1,380.0,Italy,1.4
2153,2019,1.1.1,380.0,Italy,1.4
2154,2020,1.1.1,380.0,Italy,1.4
2155,2021,1.1.1,380.0,Italy,1.4
2166,2010,1.1.1,384.0,Côte d'Ivoire,30.4
2167,2011,1.1.1,384.0,Côte d'Ivoire,30.4
2168,2012,1.1.1,384.0,Côte d'Ivoire,30.4
2169,2013,1.1.1,384.0,Côte d'Ivoire,30.4
2170,2014,1.1.1,384.0,Côte d'Ivoire,30.4
2171,2015,1.1.1,384.0,Côte d'Ivoire,29.8
2172,2016,1.1.1,384.0,Côte d'Ivoire,29.8
2173,2017,1.1.1,384.0,Côte d'Ivoire,29.8
2174,2018,1.1.1,384.0,Côte d'Ivoire,29.8
2175,2019,1.1.1,384.0,Côte d'Ivoire,29.8
2176,2020,1.1.1,384.0,Côte d'Ivoire,29.8
2177,2021,1.1.1,384.0,Côte d'Ivoire,29.8
2188,2010,1.1.1,388.0,Jamaica,1.7
2189,2011,1.1.1,388.0,Jamaica,1.7
2190,2012,1.1.1,388.0,Jamaica,1.7
2191,2013,1.1.1,388.0,Jamaica,1.7
2192,2014,1.1.1,388.0,Jamaica,1.7
2193,2015,1.1.1,388.0,Jamaica,1.7
2194,2016,1.1.1,388.0,Jamaica,1.7
2195,2017,1.1.1,388.0,Jamaica,1.7
2196,2018,1.1.1,388.0,Jamaica,1.7
2197,2019,1.1.1,388.0,Jamaica,1.7
2198,2020,1.1.1,388.0,Jamaica,1.7
2199,2021,1.1.1,388.0,Jamaica,1.7
2210,2010,1.1.1,392.0,Japan,0.0
2211,2011,1.1.1,392.0,Japan,0.0
2212,2012,1.1.1,392.0,Japan,0.0
2213,2013,1.1.1,392.0,Japan,0.7
2214,2014,1.1.1,392.0,Japan,0.7
2215,2015,1.1.1,392.0,Japan,0.7
2216,2016,1.1.1,392.0,Japan,0.7
2217,2017,1.1.1,392.0,Japan,0.7
2218,2018,1.1.1,392.0,Japan,0.7
2219,2019,1.1.1,392.0,Japan,0.7
2220,2020,1.1.1,392.0,Japan,0.7
2221,2021,1.1.1,392.0,Japan,0.7
2232,2010,1.1.1,398.0,Kazakhstan,0.1
2233,2011,1.1.1,398.0,Kazakhstan,0.0
2234,2012,1.1.1,398.0,Kazakhstan,0.0
2235,2013,1.1.1,398.0,Kazakhstan,0.0
2236,2014,1.1.1,398.0,Kazakhstan,0.0
2237,2015,1.1.1,398.0,Kazakhstan,0.0
2238,2016,1.1.1,398.0,Kazakhstan,0.0
2239,2017,1.1.1,398.0,Kazakhstan,0.0
2240,2018,1.1.1,398.0,Kazakhstan,0.0
2241,2019,1.1.1,398.0,Kazakhstan,0.0
2242,2020,1.1.1,398.0,Kazakhstan,0.0
2243,2021,1.1.1,398.0,Kazakhstan,0.0
2254,2010,1.1.1,400.0,Jordan,0.1
2255,2011,1.1.1,400.0,Jordan,0.1
2256,2012,1.1.1,400.0,Jordan,0.1
2257,2013,1.1.1,400.0,Jordan,0.1
2258,2014,1.1.1,400.0,Jordan,0.1
2259,2015,1.1.1,400.0,Jordan,0.1
2260,2016,1.1.1,400.0,Jordan,0.1
2261,2017,1.1.1,400.0,Jordan,0.1
2262,2018,1.1.1,400.0,Jordan,0.1
2263,2019,1.1.1,400.0,Jordan,0.1
2264,2020,1.1.1,400.0,Jordan,0.1
2265,2021,1.1.1,400.0,Jordan,0.1
2276,2010,1.1.1,404.0,Kenya,43.9
2277,2011,1.1.1,404.0,Kenya,43.9
2278,2012,1.1.1,404.0,Kenya,43.9
2279,2013,1.1.1,404.0,Kenya,43.9
2280,2014,1.1.1,404.0,Kenya,43.9
2281,2015,1.1.1,404.0,Kenya,37.1
2282,2016,1.1.1,404.0,Kenya,37.1
2283,2017,1.1.1,404.0,Kenya,37.1
2284,2018,1.1.1,404.0,Kenya,37.1
2285,2019,1.1.1,404.0,Kenya,37.1
2286,2020,1.1.1,404.0,Kenya,37.1
2287,2021,1.1.1,404.0,Kenya,37.1
2298,2010,1.1.1,410.0,Republic of Korea,0.5
2299,2011,1.1.1,410.0,Republic of Korea,0.5
2300,2012,1.1.1,410.0,Republic of Korea,0.2
2301,2013,1.1.1,410.0,Republic of Korea,0.2
2302,2014,1.1.1,410.0,Republic of Korea,0.2
2303,2015,1.1.1,410.0,Republic of Korea,0.2
2304,2016,1.1.1,410.0,Republic of Korea,0.2
2305,2017,1.1.1,410.0,Republic of Korea,0.2
2306,2018,1.1.1,410.0,Republic of Korea,0.2
2307,2019,1.1.1,410.0,Republic of Korea,0.2
2308,2020,1.1.1,410.0,Republic of Korea,0.2
2309,2021,1.1.1,410.0,Republic of Korea,0.2
2320,2010,1.1.1,417.0,Kyrgyzstan,2.8
2321,2011,1.1.1,417.0,Kyrgyzstan,0.9
2322,2012,1.1.1,417.0,Kyrgyzstan,2.5
2323,2013,1.1.1,417.0,Kyrgyzstan,2.2
2324,2014,1.1.1,417.0,Kyrgyzstan,0.9
2325,2015,1.1.1,417.0,Kyrgyzstan,1.8
2326,2016,1.1.1,417.0,Kyrgyzstan,1.0
2327,2017,1.1.1,417.0,Kyrgyzstan,1.1
2328,2018,1.1.1,417.0,Kyrgyzstan,0.6
2329,2019,1.1.1,417.0,Kyrgyzstan,0.6
2330,2020,1.1.1,417.0,Kyrgyzstan,0.6
2331,2021,1.1.1,417.0,Kyrgyzstan,0.6
2342,2010,1.1.1,418.0,Lao People's Democratic Republic,25.7
2343,2011,1.1.1,418.0,Lao People's Democratic Republic,25.7
2344,2012,1.1.1,418.0,Lao People's Democratic Republic,14.5
2345,2013,1.1.1,418.0,Lao People's Democratic Republic,14.5
2346,2014,1.1.1,418.0,Lao People's Democratic Republic,14.5
2347,2015,1.1.1,418.0,Lao People's Democratic Republic,14.5
2348,2016,1.1.1,418.0,Lao People's Democratic Republic,14.5
2349,2017,1.1.1,418.0,Lao People's Democratic Republic,14.5
2350,2018,1.1.1,418.0,Lao People's Democratic Republic,10.0
2351,2019,1.1.1,418.0,Lao People's Democratic Republic,10.0
2352,2020,1.1.1,418.0,Lao People's Democratic Republic,10.0
2353,2021,1.1.1,418.0,Lao People's Democratic Republic,10.0
2364,2010,1.1.1,419.0,Latin America and the Caribbean,6.0
2365,2011,1.1.1,419.0,Latin America and the Caribbean,5.6
2366,2012,1.1.1,419.0,Latin America and the Caribbean,4.6
2367,2013,1.1.1,419.0,Latin America and the Caribbean,4.2
2368,2014,1.1.1,419.0,Latin America and the Caribbean,3.9
2369,2015,1.1.1,419.0,Latin America and the Caribbean,3.7
2370,2016,1.1.1,419.0,Latin America and the Caribbean,3.8
2371,2017,1.1.1,419.0,Latin America and the Caribbean,3.8
2372,2018,1.1.1,419.0,Latin America and the Caribbean,3.7
2373,2019,1.1.1,419.0,Latin America and the Caribbean,3.7
2374,2020,1.1.1,419.0,Latin America and the Caribbean,3.7
2375,2021,1.1.1,419.0,Latin America and the Caribbean,3.7
2387,2011,1.1.1,422.0,Lebanon,0.0
2388,2012,1.1.1,422.0,Lebanon,0.0
2389,2013,1.1.1,422.0,Lebanon,0.0
2390,2014,1.1.1,422.0,Lebanon,0.0
2391,2015,1.1.1,422.0,Lebanon,0.0
2392,2016,1.1.1,422.0,Lebanon,0.0
2393,2017,1.1.1,422.0,Lebanon,0.0
2394,2018,1.1.1,422.0,Lebanon,0.0
2395,2019,1.1.1,422.0,Lebanon,0.0
2396,2020,1.1.1,422.0,Lebanon,0.0
2397,2021,1.1.1,422.0,Lebanon,0.0
2408,2010,1.1.1,426.0,Lesotho,61.9
2409,2011,1.1.1,426.0,Lesotho,61.9
2410,2012,1.1.1,426.0,Lesotho,61.9
2411,2013,1.1.1,426.0,Lesotho,61.9
2412,2014,1.1.1,426.0,Lesotho,61.9
2413,2015,1.1.1,426.0,Lesotho,61.9
2414,2016,1.1.1,426.0,Lesotho,61.9
2415,2017,1.1.1,426.0,Lesotho,27.2
2416,2018,1.1.1,426.0,Lesotho,27.2
2417,2019,1.1.1,426.0,Lesotho,27.2
2418,2020,1.1.1,426.0,Lesotho,27.2
2419,2021,1.1.1,426.0,Lesotho,27.2
2430,2010,1.1.1,428.0,Latvia,1.6
2431,2011,1.1.1,428.0,Latvia,1.0
2432,2012,1.1.1,428.0,Latvia,1.0
2433,2013,1.1.1,428.0,Latvia,1.1
2434,2014,1.1.1,428.0,Latvia,0.8
2435,2015,1.1.1,428.0,Latvia,0.6
2436,2016,1.1.1,428.0,Latvia,0.6
2437,2017,1.1.1,428.0,Latvia,0.8
2438,2018,1.1.1,428.0,Latvia,0.3
2439,2019,1.1.1,428.0,Latvia,0.3
2440,2020,1.1.1,428.0,Latvia,0.3
2441,2021,1.1.1,428.0,Latvia,0.3
2452,2010,1.1.1,430.0,Liberia,71.4
2453,2011,1.1.1,430.0,Liberia,71.4
2454,2012,1.1.1,430.0,Liberia,71.4
2455,2013,1.1.1,430.0,Liberia,71.4
2456,2014,1.1.1,430.0,Liberia,41.7
2457,2015,1.1.1,430.0,Liberia,41.7
2458,2016,1.1.1,430.0,Liberia,44.4
2459,2017,1.1.1,430.0,Liberia,44.4
2460,2018,1.1.1,430.0,Liberia,44.4
2461,2019,1.1.1,430.0,Liberia,44.4
2462,2020,1.1.1,430.0,Liberia,44.4
2463,2021,1.1.1,430.0,Liberia,44.4
2474,2010,1.1.1,432.0,Landlocked developing countries (LLDCs),34.6
2475,2011,1.1.1,432.0,Landlocked developing countries (LLDCs),33.2
2476,2012,1.1.1,432.0,Landlocked developing countries (LLDCs),32.4
2477,2013,1.1.1,432.0,Landlocked developing countries (LLDCs),31.8
2478,2014,1.1.1,432.0,Landlocked developing countries (LLDCs),31.2
2479,2015,1.1.1,432.0,Landlocked developing countries (LLDCs),31.1
2480,2016,1.1.1,432.0,Landlocked developing countries (LLDCs),30.8
2481,2017,1.1.1,432.0,Landlocked developing countries (LLDCs),29.8
2482,2018,1.1.1,432.0,Landlocked developing countries (LLDCs),28.8
2483,2019,1.1.1,432.0,Landlocked developing countries (LLDCs),28.8
2484,2020,1.1.1,432.0,Landlocked developing countries (LLDCs),28.8
2485,2021,1.1.1,432.0,Landlocked developing countries (LLDCs),28.8
2496,2010,1.1.1,440.0,Lithuania,1.5
2497,2011,1.1.1,440.0,Lithuania,0.7
2498,2012,1.1.1,440.0,Lithuania,0.9
2499,2013,1.1.1,440.0,Lithuania,0.7
2500,2014,1.1.1,440.0,Lithuania,1.3
2501,2015,1.1.1,440.0,Lithuania,0.7
2502,2016,1.1.1,440.0,Lithuania,1.3
2503,2017,1.1.1,440.0,Lithuania,1.0
2504,2018,1.1.1,440.0,Lithuania,0.9
2505,2019,1.1.1,440.0,Lithuania,0.9
2506,2020,1.1.1,440.0,Lithuania,0.9
2507,2021,1.1.1,440.0,Lithuania,0.9
2518,2010,1.1.1,442.0,Luxembourg,0.0
2519,2011,1.1.1,442.0,Luxembourg,0.1
2520,2012,1.1.1,442.0,Luxembourg,0.0
2521,2013,1.1.1,442.0,Luxembourg,0.1
2522,2014,1.1.1,442.0,Luxembourg,0.1
2523,2015,1.1.1,442.0,Luxembourg,0.3
2524,2016,1.1.1,442.0,Luxembourg,0.1
2525,2017,1.1.1,442.0,Luxembourg,0.3
2526,2018,1.1.1,442.0,Luxembourg,0.3
2527,2019,1.1.1,442.0,Luxembourg,0.3
2528,2020,1.1.1,442.0,Luxembourg,0.3
2529,2021,1.1.1,442.0,Luxembourg,0.3
2540,2010,1.1.1,450.0,Madagascar,78.2
2541,2011,1.1.1,450.0,Madagascar,78.2
2542,2012,1.1.1,450.0,Madagascar,78.8
2543,2013,1.1.1,450.0,Madagascar,78.8
2544,2014,1.1.1,450.0,Madagascar,78.8
2545,2015,1.1.1,450.0,Madagascar,78.8
2546,2016,1.1.1,450.0,Madagascar,78.8
2547,2017,1.1.1,450.0,Madagascar,78.8
2548,2018,1.1.1,450.0,Madagascar,78.8
2549,2019,1.1.1,450.0,Madagascar,78.8
2550,2020,1.1.1,450.0,Madagascar,78.8
2551,2021,1.1.1,450.0,Madagascar,78.8
2562,2010,1.1.1,454.0,Malawi,71.1
2563,2011,1.1.1,454.0,Malawi,71.1
2564,2012,1.1.1,454.0,Malawi,71.1
2565,2013,1.1.1,454.0,Malawi,71.1
2566,2014,1.1.1,454.0,Malawi,71.1
2567,2015,1.1.1,454.0,Malawi,71.1
2568,2016,1.1.1,454.0,Malawi,69.2
2569,2017,1.1.1,454.0,Malawi,69.2
2570,2018,1.1.1,454.0,Malawi,69.2
2571,2019,1.1.1,454.0,Malawi,69.2
2572,2020,1.1.1,454.0,Malawi,69.2
2573,2021,1.1.1,454.0,Malawi,69.2
2584,2010,1.1.1,458.0,Malaysia,0.6
2585,2011,1.1.1,458.0,Malaysia,0.1
2586,2012,1.1.1,458.0,Malaysia,0.1
2587,2013,1.1.1,458.0,Malaysia,0.0
2588,2014,1.1.1,458.0,Malaysia,0.0
2589,2015,1.1.1,458.0,Malaysia,0.0
2590,2016,1.1.1,458.0,Malaysia,0.0
2591,2017,1.1.1,458.0,Malaysia,0.0
2592,2018,1.1.1,458.0,Malaysia,0.0
2593,2019,1.1.1,458.0,Malaysia,0.0
2594,2020,1.1.1,458.0,Malaysia,0.0
2595,2021,1.1.1,458.0,Malaysia,0.0
2606,2010,1.1.1,462.0,Maldives,3.5
2607,2011,1.1.1,462.0,Maldives,3.5
2608,2012,1.1.1,462.0,Maldives,3.5
2609,2013,1.1.1,462.0,Maldives,3.5
2610,2014,1.1.1,462.0,Maldives,3.5
2611,2015,1.1.1,462.0,Maldives,3.5
2612,2016,1.1.1,462.0,Maldives,0.0
2613,2017,1.1.1,462.0,Maldives,0.0
2614,2018,1.1.1,462.0,Maldives,0.0
2615,2019,1.1.1,462.0,Maldives,0.0
2616,2020,1.1.1,462.0,Maldives,0.0
2617,2021,1.1.1,462.0,Maldives,0.0
2628,2010,1.1.1,466.0,Mali,50.3
2629,2011,1.1.1,466.0,Mali,50.3
2630,2012,1.1.1,466.0,Mali,50.3
2631,2013,1.1.1,466.0,Mali,50.3
2632,2014,1.1.1,466.0,Mali,50.3
2633,2015,1.1.1,466.0,Mali,50.3
2634,2016,1.1.1,466.0,Mali,50.3
2635,2017,1.1.1,466.0,Mali,50.3
2636,2018,1.1.1,466.0,Mali,50.3
2637,2019,1.1.1,466.0,Mali,50.3
2638,2020,1.1.1,466.0,Mali,50.3
2639,2021,1.1.1,466.0,Mali,50.3
2650,2010,1.1.1,470.0,Malta,0.2
2651,2011,1.1.1,470.0,Malta,0.2
2652,2012,1.1.1,470.0,Malta,0.1
2653,2013,1.1.1,470.0,Malta,0.0
2654,2014,1.1.1,470.0,Malta,0.0
2655,2015,1.1.1,470.0,Malta,0.1
2656,2016,1.1.1,470.0,Malta,0.1
2657,2017,1.1.1,470.0,Malta,0.2
2658,2018,1.1.1,470.0,Malta,0.1
2659,2019,1.1.1,470.0,Malta,0.1
2660,2020,1.1.1,470.0,Malta,0.1
2661,2021,1.1.1,470.0,Malta,0.1
2672,2010,1.1.1,478.0,Mauritania,10.9
2673,2011,1.1.1,478.0,Mauritania,10.9
2674,2012,1.1.1,478.0,Mauritania,10.9
2675,2013,1.1.1,478.0,Mauritania,10.9
2676,2014,1.1.1,478.0,Mauritania,6.0
2677,2015,1.1.1,478.0,Mauritania,6.0
2678,2016,1.1.1,478.0,Mauritania,6.0
2679,2017,1.1.1,478.0,Mauritania,6.0
2680,2018,1.1.1,478.0,Mauritania,6.0
2681,2019,1.1.1,478.0,Mauritania,6.0
2682,2020,1.1.1,478.0,Mauritania,6.0
2683,2021,1.1.1,478.0,Mauritania,6.0
2694,2010,1.1.1,480.0,Mauritius,0.4
2695,2011,1.1.1,480.0,Mauritius,0.4
2696,2012,1.1.1,480.0,Mauritius,0.6
2697,2013,1.1.1,480.0,Mauritius,0.6
2698,2014,1.1.1,480.0,Mauritius,0.6
2699,2015,1.1.1,480.0,Mauritius,0.6
2700,2016,1.1.1,480.0,Mauritius,0.6
2701,2017,1.1.1,480.0,Mauritius,0.2
2702,2018,1.1.1,480.0,Mauritius,0.2
2703,2019,1.1.1,480.0,Mauritius,0.2
2704,2020,1.1.1,480.0,Mauritius,0.2
2705,2021,1.1.1,480.0,Mauritius,0.2
2716,2010,1.1.1,484.0,Mexico,4.5
2717,2011,1.1.1,484.0,Mexico,4.5
2718,2012,1.1.1,484.0,Mexico,3.8
2719,2013,1.1.1,484.0,Mexico,3.8
2720,2014,1.1.1,484.0,Mexico,3.7
2721,2015,1.1.1,484.0,Mexico,3.7
2722,2016,1.1.1,484.0,Mexico,2.2
2723,2017,1.1.1,484.0,Mexico,2.2
2724,2018,1.1.1,484.0,Mexico,1.7
2725,2019,1.1.1,484.0,Mexico,1.7
2726,2020,1.1.1,484.0,Mexico,1.7
2727,2021,1.1.1,484.0,Mexico,1.7
2738,2010,1.1.1,485.0,"Western Asia (exc. Armenia, Azerbaijan, Cyprus, Israel and Georgia)",1.9
2739,2011,1.1.1,485.0,"Western Asia (exc. Armenia, Azerbaijan, Cyprus, Israel and Georgia)",2.7
2740,2012,1.1.1,485.0,"Western Asia (exc. Armenia, Azerbaijan, Cyprus, Israel and Georgia)",2.9
2741,2013,1.1.1,485.0,"Western Asia (exc. Armenia, Azerbaijan, Cyprus, Israel and Georgia)",2.9
2742,2014,1.1.1,485.0,"Western Asia (exc. Armenia, Azerbaijan, Cyprus, Israel and Georgia)",3.5
2743,2015,1.1.1,485.0,"Western Asia (exc. Armenia, Azerbaijan, Cyprus, Israel and Georgia)",6.9
2744,2016,1.1.1,485.0,"Western Asia (exc. Armenia, Azerbaijan, Cyprus, Israel and Georgia)",8.4
2745,2017,1.1.1,485.0,"Western Asia (exc. Armenia, Azerbaijan, Cyprus, Israel and Georgia)",10.2
2746,2018,1.1.1,485.0,"Western Asia (exc. Armenia, Azerbaijan, Cyprus, Israel and Georgia)",10.2
2747,2019,1.1.1,485.0,"Western Asia (exc. Armenia, Azerbaijan, Cyprus, Israel and Georgia)",10.2
2748,2020,1.1.1,485.0,"Western Asia (exc. Armenia, Azerbaijan, Cyprus, Israel and Georgia)",10.2
2749,2021,1.1.1,485.0,"Western Asia (exc. Armenia, Azerbaijan, Cyprus, Israel and Georgia)",10.2
2760,2010,1.1.1,496.0,Mongolia,0.7
2761,2011,1.1.1,496.0,Mongolia,0.5
2762,2012,1.1.1,496.0,Mongolia,0.4
2763,2013,1.1.1,496.0,Mongolia,0.4
2764,2014,1.1.1,496.0,Mongolia,0.2
2765,2015,1.1.1,496.0,Mongolia,0.2
2766,2016,1.1.1,496.0,Mongolia,0.5
2767,2017,1.1.1,496.0,Mongolia,0.5
2768,2018,1.1.1,496.0,Mongolia,0.5
2769,2019,1.1.1,496.0,Mongolia,0.5
2770,2020,1.1.1,496.0,Mongolia,0.5
2771,2021,1.1.1,496.0,Mongolia,0.5
2782,2010,1.1.1,498.0,Republic of Moldova,0.5
2783,2011,1.1.1,498.0,Republic of Moldova,0.3
2784,2012,1.1.1,498.0,Republic of Moldova,0.3
2785,2013,1.1.1,498.0,Republic of Moldova,0.1
2786,2014,1.1.1,498.0,Republic of Moldova,0.0
2787,2015,1.1.1,498.0,Republic of Moldova,0.0
2788,2016,1.1.1,498.0,Republic of Moldova,0.2
2789,2017,1.1.1,498.0,Republic of Moldova,0.1
2790,2018,1.1.1,498.0,Republic of Moldova,0.0
2791,2019,1.1.1,498.0,Republic of Moldova,0.0
2792,2020,1.1.1,498.0,Republic of Moldova,0.0
2793,2021,1.1.1,498.0,Republic of Moldova,0.0
2806,2012,1.1.1,499.0,Montenegro,3.4
2807,2013,1.1.1,499.0,Montenegro,3.2
2808,2014,1.1.1,499.0,Montenegro,1.7
2809,2015,1.1.1,499.0,Montenegro,1.4
2810,2016,1.1.1,499.0,Montenegro,2.5
2811,2017,1.1.1,499.0,Montenegro,2.5
2812,2018,1.1.1,499.0,Montenegro,2.5
2813,2019,1.1.1,499.0,Montenegro,2.5
2814,2020,1.1.1,499.0,Montenegro,2.5
2815,2021,1.1.1,499.0,Montenegro,2.5
2826,2010,1.1.1,504.0,Morocco,3.0
2827,2011,1.1.1,504.0,Morocco,3.0
2828,2012,1.1.1,504.0,Morocco,3.0
2829,2013,1.1.1,504.0,Morocco,0.9
2830,2014,1.1.1,504.0,Morocco,0.9
2831,2015,1.1.1,504.0,Morocco,0.9
2832,2016,1.1.1,504.0,Morocco,0.9
2833,2017,1.1.1,504.0,Morocco,0.9
2834,2018,1.1.1,504.0,Morocco,0.9
2835,2019,1.1.1,504.0,Morocco,0.9
2836,2020,1.1.1,504.0,Morocco,0.9
2837,2021,1.1.1,504.0,Morocco,0.9
2848,2010,1.1.1,508.0,Mozambique,69.7
2849,2011,1.1.1,508.0,Mozambique,69.7
2850,2012,1.1.1,508.0,Mozambique,69.7
2851,2013,1.1.1,508.0,Mozambique,69.7
2852,2014,1.1.1,508.0,Mozambique,63.7
2853,2015,1.1.1,508.0,Mozambique,63.7
2854,2016,1.1.1,508.0,Mozambique,63.7
2855,2017,1.1.1,508.0,Mozambique,63.7
2856,2018,1.1.1,508.0,Mozambique,63.7
2857,2019,1.1.1,508.0,Mozambique,63.7
2858,2020,1.1.1,508.0,Mozambique,63.7
2859,2021,1.1.1,508.0,Mozambique,63.7
2870,2010,1.1.1,513.0,Europe and Northern America,0.5
2871,2011,1.1.1,513.0,Europe and Northern America,0.5
2872,2012,1.1.1,513.0,Europe and Northern America,0.5
2873,2013,1.1.1,513.0,Europe and Northern America,0.5
2874,2014,1.1.1,513.0,Europe and Northern America,0.7
2875,2015,1.1.1,513.0,Europe and Northern America,0.7
2876,2016,1.1.1,513.0,Europe and Northern America,0.6
2877,2017,1.1.1,513.0,Europe and Northern America,0.7
2878,2018,1.1.1,513.0,Europe and Northern America,0.5
2879,2019,1.1.1,513.0,Europe and Northern America,0.5
2880,2020,1.1.1,513.0,Europe and Northern America,0.5
2881,2021,1.1.1,513.0,Europe and Northern America,0.5
2892,2010,1.1.1,514.0,"Developed regions (Europe, Cyprus, Israel, Northern America, Japan, Australia & New Zealand)",0.4
2893,2011,1.1.1,514.0,"Developed regions (Europe, Cyprus, Israel, Northern America, Japan, Australia & New Zealand)",0.5
2894,2012,1.1.1,514.0,"Developed regions (Europe, Cyprus, Israel, Northern America, Japan, Australia & New Zealand)",0.5
2895,2013,1.1.1,514.0,"Developed regions (Europe, Cyprus, Israel, Northern America, Japan, Australia & New Zealand)",0.5
2896,2014,1.1.1,514.0,"Developed regions (Europe, Cyprus, Israel, Northern America, Japan, Australia & New Zealand)",0.7
2897,2015,1.1.1,514.0,"Developed regions (Europe, Cyprus, Israel, Northern America, Japan, Australia & New Zealand)",0.7
2898,2016,1.1.1,514.0,"Developed regions (Europe, Cyprus, Israel, Northern America, Japan, Australia & New Zealand)",0.6
2899,2017,1.1.1,514.0,"Developed regions (Europe, Cyprus, Israel, Northern America, Japan, Australia & New Zealand)",0.7
2900,2018,1.1.1,514.0,"Developed regions (Europe, Cyprus, Israel, Northern America, Japan, Australia & New Zealand)",0.5
2901,2019,1.1.1,514.0,"Developed regions (Europe, Cyprus, Israel, Northern America, Japan, Australia & New Zealand)",0.5
2902,2020,1.1.1,514.0,"Developed regions (Europe, Cyprus, Israel, Northern America, Japan, Australia & New Zealand)",0.5
2903,2021,1.1.1,514.0,"Developed regions (Europe, Cyprus, Israel, Northern America, Japan, Australia & New Zealand)",0.5
2914,2010,1.1.1,515.0,Developing regions,19.7
2915,2011,1.1.1,515.0,Developing regions,17.1
2916,2012,1.1.1,515.0,Developing regions,15.8
2917,2013,1.1.1,515.0,Developing regions,13.9
2918,2014,1.1.1,515.0,Developing regions,13.0
2919,2015,1.1.1,515.0,Developing regions,12.4
2920,2016,1.1.1,515.0,Developing regions,11.8
2921,2017,1.1.1,515.0,Developing regions,11.3
2922,2018,1.1.1,515.0,Developing regions,11.3
2923,2019,1.1.1,515.0,Developing regions,11.1
2924,2020,1.1.1,515.0,Developing regions,11.1
2925,2021,1.1.1,515.0,Developing regions,11.1
2936,2010,1.1.1,516.0,Namibia,23.5
2937,2011,1.1.1,516.0,Namibia,23.5
2938,2012,1.1.1,516.0,Namibia,23.5
2939,2013,1.1.1,516.0,Namibia,23.5
2940,2014,1.1.1,516.0,Namibia,23.5
2941,2015,1.1.1,516.0,Namibia,13.8
2942,2016,1.1.1,516.0,Namibia,13.8
2943,2017,1.1.1,516.0,Namibia,13.8
2944,2018,1.1.1,516.0,Namibia,13.8
2945,2019,1.1.1,516.0,Namibia,13.8
2946,2020,1.1.1,516.0,Namibia,13.8
2947,2021,1.1.1,516.0,Namibia,13.8
2958,2010,1.1.1,518.0,Eastern Asia (excluding Japan),10.8
2959,2011,1.1.1,518.0,Eastern Asia (excluding Japan),7.6
2960,2012,1.1.1,518.0,Eastern Asia (excluding Japan),6.3
2961,2013,1.1.1,518.0,Eastern Asia (excluding Japan),1.8
2962,2014,1.1.1,518.0,Eastern Asia (excluding Japan),1.3
2963,2015,1.1.1,518.0,Eastern Asia (excluding Japan),0.7
2964,2016,1.1.1,518.0,Eastern Asia (excluding Japan),0.5
2965,2017,1.1.1,518.0,Eastern Asia (excluding Japan),0.3
2966,2018,1.1.1,518.0,Eastern Asia (excluding Japan),0.3
2967,2019,1.1.1,518.0,Eastern Asia (excluding Japan),0.2
2968,2020,1.1.1,518.0,Eastern Asia (excluding Japan),0.2
2969,2021,1.1.1,518.0,Eastern Asia (excluding Japan),0.2
2982,2012,1.1.1,520.0,Nauru,0.9
2983,2013,1.1.1,520.0,Nauru,0.9
2984,2014,1.1.1,520.0,Nauru,0.9
2985,2015,1.1.1,520.0,Nauru,0.9
2986,2016,1.1.1,520.0,Nauru,0.9
2987,2017,1.1.1,520.0,Nauru,0.9
2988,2018,1.1.1,520.0,Nauru,0.9
2989,2019,1.1.1,520.0,Nauru,0.9
2990,2020,1.1.1,520.0,Nauru,0.9
2991,2021,1.1.1,520.0,Nauru,0.9
3002,2010,1.1.1,524.0,Nepal,15.0
3003,2011,1.1.1,524.0,Nepal,15.0
3004,2012,1.1.1,524.0,Nepal,15.0
3005,2013,1.1.1,524.0,Nepal,15.0
3006,2014,1.1.1,524.0,Nepal,15.0
3007,2015,1.1.1,524.0,Nepal,15.0
3008,2016,1.1.1,524.0,Nepal,15.0
3009,2017,1.1.1,524.0,Nepal,15.0
3010,2018,1.1.1,524.0,Nepal,15.0
3011,2019,1.1.1,524.0,Nepal,15.0
3012,2020,1.1.1,524.0,Nepal,15.0
3013,2021,1.1.1,524.0,Nepal,15.0
3024,2010,1.1.1,528.0,Netherlands,0.0
3025,2011,1.1.1,528.0,Netherlands,0.1
3026,2012,1.1.1,528.0,Netherlands,0.1
3027,2013,1.1.1,528.0,Netherlands,0.1
3028,2014,1.1.1,528.0,Netherlands,0.1
3029,2015,1.1.1,528.0,Netherlands,0.1
3030,2016,1.1.1,528.0,Netherlands,0.0
3031,2017,1.1.1,528.0,Netherlands,0.2
3032,2018,1.1.1,528.0,Netherlands,0.1
3033,2019,1.1.1,528.0,Netherlands,0.1
3034,2020,1.1.1,528.0,Netherlands,0.1
3035,2021,1.1.1,528.0,Netherlands,0.1
3046,2010,1.1.1,543.0,Oceania (exc. Australia and New Zealand),31.4
3047,2011,1.1.1,543.0,Oceania (exc. Australia and New Zealand),31.3
3048,2012,1.1.1,543.0,Oceania (exc. Australia and New Zealand),30.7
3049,2013,1.1.1,543.0,Oceania (exc. Australia and New Zealand),30.7
3050,2014,1.1.1,543.0,Oceania (exc. Australia and New Zealand),30.7
3051,2015,1.1.1,543.0,Oceania (exc. Australia and New Zealand),30.7
3052,2016,1.1.1,543.0,Oceania (exc. Australia and New Zealand),30.7
3053,2017,1.1.1,543.0,Oceania (exc. Australia and New Zealand),30.7
3054,2018,1.1.1,543.0,Oceania (exc. Australia and New Zealand),30.7
3055,2019,1.1.1,543.0,Oceania (exc. Australia and New Zealand),30.7
3056,2020,1.1.1,543.0,Oceania (exc. Australia and New Zealand),30.7
3057,2021,1.1.1,543.0,Oceania (exc. Australia and New Zealand),30.7
3068,2010,1.1.1,548.0,Vanuatu,13.2
3069,2011,1.1.1,548.0,Vanuatu,13.2
3070,2012,1.1.1,548.0,Vanuatu,13.2
3071,2013,1.1.1,548.0,Vanuatu,13.2
3072,2014,1.1.1,548.0,Vanuatu,13.2
3073,2015,1.1.1,548.0,Vanuatu,13.2
3074,2016,1.1.1,548.0,Vanuatu,13.2
3075,2017,1.1.1,548.0,Vanuatu,13.2
3076,2018,1.1.1,548.0,Vanuatu,13.2
3077,2019,1.1.1,548.0,Vanuatu,13.2
3078,2020,1.1.1,548.0,Vanuatu,13.2
3079,2021,1.1.1,548.0,Vanuatu,13.2
3090,2010,1.1.1,558.0,Nicaragua,7.4
3091,2011,1.1.1,558.0,Nicaragua,7.4
3092,2012,1.1.1,558.0,Nicaragua,7.4
3093,2013,1.1.1,558.0,Nicaragua,7.4
3094,2014,1.1.1,558.0,Nicaragua,3.4
3095,2015,1.1.1,558.0,Nicaragua,3.4
3096,2016,1.1.1,558.0,Nicaragua,3.4
3097,2017,1.1.1,558.0,Nicaragua,3.4
3098,2018,1.1.1,558.0,Nicaragua,3.4
3099,2019,1.1.1,558.0,Nicaragua,3.4
3100,2020,1.1.1,558.0,Nicaragua,3.4
3101,2021,1.1.1,558.0,Nicaragua,3.4
3112,2010,1.1.1,562.0,Niger,72.4
3113,2011,1.1.1,562.0,Niger,50.6
3114,2012,1.1.1,562.0,Niger,50.6
3115,2013,1.1.1,562.0,Niger,50.6
3116,2014,1.1.1,562.0,Niger,45.4
3117,2015,1.1.1,562.0,Niger,45.4
3118,2016,1.1.1,562.0,Niger,45.4
3119,2017,1.1.1,562.0,Niger,45.4
3120,2018,1.1.1,562.0,Niger,45.4
3121,2019,1.1.1,562.0,Niger,45.4
3122,2020,1.1.1,562.0,Niger,45.4
3123,2021,1.1.1,562.0,Niger,45.4
3134,2010,1.1.1,566.0,Nigeria,56.4
3135,2011,1.1.1,566.0,Nigeria,56.4
3136,2012,1.1.1,566.0,Nigeria,56.4
3137,2013,1.1.1,566.0,Nigeria,56.4
3138,2014,1.1.1,566.0,Nigeria,56.4
3139,2015,1.1.1,566.0,Nigeria,56.4
3140,2016,1.1.1,566.0,Nigeria,56.4
3141,2017,1.1.1,566.0,Nigeria,56.4
3142,2018,1.1.1,566.0,Nigeria,39.1
3143,2019,1.1.1,566.0,Nigeria,39.1
3144,2020,1.1.1,566.0,Nigeria,39.1
3145,2021,1.1.1,566.0,Nigeria,39.1
3156,2010,1.1.1,578.0,Norway,0.2
3157,2011,1.1.1,578.0,Norway,0.1
3158,2012,1.1.1,578.0,Norway,0.1
3159,2013,1.1.1,578.0,Norway,0.1
3160,2014,1.1.1,578.0,Norway,0.1
3161,2015,1.1.1,578.0,Norway,0.1
3162,2016,1.1.1,578.0,Norway,0.3
3163,2017,1.1.1,578.0,Norway,0.3
3164,2018,1.1.1,578.0,Norway,0.3
3165,2019,1.1.1,578.0,Norway,0.3
3166,2020,1.1.1,578.0,Norway,0.3
3167,2021,1.1.1,578.0,Norway,0.3
3178,2010,1.1.1,583.0,Micronesia (Federated States of),8.1
3179,2011,1.1.1,583.0,Micronesia (Federated States of),8.1
3180,2012,1.1.1,583.0,Micronesia (Federated States of),8.1
3181,2013,1.1.1,583.0,Micronesia (Federated States of),15.4
3182,2014,1.1.1,583.0,Micronesia (Federated States of),15.4
3183,2015,1.1.1,583.0,Micronesia (Federated States of),15.4
3184,2016,1.1.1,583.0,Micronesia (Federated States of),15.4
3185,2017,1.1.1,583.0,Micronesia (Federated States of),15.4
3186,2018,1.1.1,583.0,Micronesia (Federated States of),15.4
3187,2019,1.1.1,583.0,Micronesia (Federated States of),15.4
3188,2020,1.1.1,583.0,Micronesia (Federated States of),15.4
3189,2021,1.1.1,583.0,Micronesia (Federated States of),15.4
3200,2010,1.1.1,586.0,Pakistan,8.3
3201,2011,1.1.1,586.0,Pakistan,8.0
3202,2012,1.1.1,586.0,Pakistan,8.0
3203,2013,1.1.1,586.0,Pakistan,6.2
3204,2014,1.1.1,586.0,Pakistan,6.2
3205,2015,1.1.1,586.0,Pakistan,4.0
3206,2016,1.1.1,586.0,Pakistan,4.0
3207,2017,1.1.1,586.0,Pakistan,4.0
3208,2018,1.1.1,586.0,Pakistan,4.4
3209,2019,1.1.1,586.0,Pakistan,4.4
3210,2020,1.1.1,586.0,Pakistan,4.4
3211,2021,1.1.1,586.0,Pakistan,4.4
3222,2010,1.1.1,591.0,Panama,4.5
3223,2011,1.1.1,591.0,Panama,3.0
3224,2012,1.1.1,591.0,Panama,4.1
3225,2013,1.1.1,591.0,Panama,2.8
3226,2014,1.1.1,591.0,Panama,3.5
3227,2015,1.1.1,591.0,Panama,2.0
3228,2016,1.1.1,591.0,Panama,2.2
3229,2017,1.1.1,591.0,Panama,2.5
3230,2018,1.1.1,591.0,Panama,1.7
3231,2019,1.1.1,591.0,Panama,1.2
3232,2020,1.1.1,591.0,Panama,1.2
3233,2021,1.1.1,591.0,Panama,1.2
3244,2010,1.1.1,598.0,Papua New Guinea,38.0
3245,2011,1.1.1,598.0,Papua New Guinea,38.0
3246,2012,1.1.1,598.0,Papua New Guinea,38.0
3247,2013,1.1.1,598.0,Papua New Guinea,38.0
3248,2014,1.1.1,598.0,Papua New Guinea,38.0
3249,2015,1.1.1,598.0,Papua New Guinea,38.0
3250,2016,1.1.1,598.0,Papua New Guinea,38.0
3251,2017,1.1.1,598.0,Papua New Guinea,38.0
3252,2018,1.1.1,598.0,Papua New Guinea,38.0
3253,2019,1.1.1,598.0,Papua New Guinea,38.0
3254,2020,1.1.1,598.0,Papua New Guinea,38.0
3255,2021,1.1.1,598.0,Papua New Guinea,38.0
3266,2010,1.1.1,600.0,Paraguay,5.2
3267,2011,1.1.1,600.0,Paraguay,4.6
3268,2012,1.1.1,600.0,Paraguay,3.2
3269,2013,1.1.1,600.0,Paraguay,1.7
3270,2014,1.1.1,600.0,Paraguay,2.2
3271,2015,1.1.1,600.0,Paraguay,1.7
3272,2016,1.1.1,600.0,Paraguay,1.5
3273,2017,1.1.1,600.0,Paraguay,0.9
3274,2018,1.1.1,600.0,Paraguay,1.3
3275,2019,1.1.1,600.0,Paraguay,0.9
3276,2020,1.1.1,600.0,Paraguay,0.9
3277,2021,1.1.1,600.0,Paraguay,0.9
3288,2010,1.1.1,604.0,Peru,5.5
3289,2011,1.1.1,604.0,Peru,5.2
3290,2012,1.1.1,604.0,Peru,4.8
3291,2013,1.1.1,604.0,Peru,4.4
3292,2014,1.1.1,604.0,Peru,3.7
3293,2015,1.1.1,604.0,Peru,3.6
3294,2016,1.1.1,604.0,Peru,3.5
3295,2017,1.1.1,604.0,Peru,3.4
3296,2018,1.1.1,604.0,Peru,2.7
3297,2019,1.1.1,604.0,Peru,2.2
3298,2020,1.1.1,604.0,Peru,2.2
3299,2021,1.1.1,604.0,Peru,2.2
3310,2010,1.1.1,608.0,Philippines,10.7
3311,2011,1.1.1,608.0,Philippines,10.7
3312,2012,1.1.1,608.0,Philippines,10.4
3313,2013,1.1.1,608.0,Philippines,10.4
3314,2014,1.1.1,608.0,Philippines,10.4
3315,2015,1.1.1,608.0,Philippines,6.1
3316,2016,1.1.1,608.0,Philippines,6.1
3317,2017,1.1.1,608.0,Philippines,6.1
3318,2018,1.1.1,608.0,Philippines,2.7
3319,2019,1.1.1,608.0,Philippines,2.7
3320,2020,1.1.1,608.0,Philippines,2.7
3321,2021,1.1.1,608.0,Philippines,2.7
3332,2010,1.1.1,616.0,Poland,0.3
3333,2011,1.1.1,616.0,Poland,0.3
3334,2012,1.1.1,616.0,Poland,0.2
3335,2013,1.1.1,616.0,Poland,0.4
3336,2014,1.1.1,616.0,Poland,0.3
3337,2015,1.1.1,616.0,Poland,0.4
3338,2016,1.1.1,616.0,Poland,0.2
3339,2017,1.1.1,616.0,Poland,0.3
3340,2018,1.1.1,616.0,Poland,0.2
3341,2019,1.1.1,616.0,Poland,0.2
3342,2020,1.1.1,616.0,Poland,0.2
3343,2021,1.1.1,616.0,Poland,0.2
3354,2010,1.1.1,620.0,Portugal,0.1
3355,2011,1.1.1,620.0,Portugal,0.5
3356,2012,1.1.1,620.0,Portugal,0.7
3357,2013,1.1.1,620.0,Portugal,0.8
3358,2014,1.1.1,620.0,Portugal,0.5
3359,2015,1.1.1,620.0,Portugal,0.5
3360,2016,1.1.1,620.0,Portugal,0.4
3361,2017,1.1.1,620.0,Portugal,0.4
3362,2018,1.1.1,620.0,Portugal,0.3
3363,2019,1.1.1,620.0,Portugal,0.3
3364,2020,1.1.1,620.0,Portugal,0.3
3365,2021,1.1.1,620.0,Portugal,0.3
3376,2010,1.1.1,624.0,Guinea-Bissau,68.4
3377,2011,1.1.1,624.0,Guinea-Bissau,68.4
3378,2012,1.1.1,624.0,Guinea-Bissau,68.4
3379,2013,1.1.1,624.0,Guinea-Bissau,68.4
3380,2014,1.1.1,624.0,Guinea-Bissau,68.4
3381,2015,1.1.1,624.0,Guinea-Bissau,68.4
3382,2016,1.1.1,624.0,Guinea-Bissau,68.4
3383,2017,1.1.1,624.0,Guinea-Bissau,68.4
3384,2018,1.1.1,624.0,Guinea-Bissau,68.4
3385,2019,1.1.1,624.0,Guinea-Bissau,68.4
3386,2020,1.1.1,624.0,Guinea-Bissau,68.4
3387,2021,1.1.1,624.0,Guinea-Bissau,68.4
3398,2010,1.1.1,626.0,Timor-Leste,37.4
3399,2011,1.1.1,626.0,Timor-Leste,37.4
3400,2012,1.1.1,626.0,Timor-Leste,37.4
3401,2013,1.1.1,626.0,Timor-Leste,37.4
3402,2014,1.1.1,626.0,Timor-Leste,22.0
3403,2015,1.1.1,626.0,Timor-Leste,22.0
3404,2016,1.1.1,626.0,Timor-Leste,22.0
3405,2017,1.1.1,626.0,Timor-Leste,22.0
3406,2018,1.1.1,626.0,Timor-Leste,22.0
3407,2019,1.1.1,626.0,Timor-Leste,22.0
3408,2020,1.1.1,626.0,Timor-Leste,22.0
3409,2021,1.1.1,626.0,Timor-Leste,22.0
3420,2010,1.1.1,642.0,Romania,3.8
3421,2011,1.1.1,642.0,Romania,4.9
3422,2012,1.1.1,642.0,Romania,5.6
3423,2013,1.1.1,642.0,Romania,6.0
3424,2014,1.1.1,642.0,Romania,6.5
3425,2015,1.1.1,642.0,Romania,4.6
3426,2016,1.1.1,642.0,Romania,2.8
3427,2017,1.1.1,642.0,Romania,3.1
3428,2018,1.1.1,642.0,Romania,2.4
3429,2019,1.1.1,642.0,Romania,2.4
3430,2020,1.1.1,642.0,Romania,2.4
3431,2021,1.1.1,642.0,Romania,2.4
3442,2010,1.1.1,643.0,Russian Federation,0.1
3443,2011,1.1.1,643.0,Russian Federation,0.0
3444,2012,1.1.1,643.0,Russian Federation,0.0
3445,2013,1.1.1,643.0,Russian Federation,0.0
3446,2014,1.1.1,643.0,Russian Federation,0.0
3447,2015,1.1.1,643.0,Russian Federation,0.0
3448,2016,1.1.1,643.0,Russian Federation,0.0
3449,2017,1.1.1,643.0,Russian Federation,0.0
3450,2018,1.1.1,643.0,Russian Federation,0.0
3451,2019,1.1.1,643.0,Russian Federation,0.0
3452,2020,1.1.1,643.0,Russian Federation,0.0
3453,2021,1.1.1,643.0,Russian Federation,0.0
3464,2010,1.1.1,646.0,Rwanda,63.2
3465,2011,1.1.1,646.0,Rwanda,63.2
3466,2012,1.1.1,646.0,Rwanda,63.2
3467,2013,1.1.1,646.0,Rwanda,57.9
3468,2014,1.1.1,646.0,Rwanda,57.9
3469,2015,1.1.1,646.0,Rwanda,57.9
3470,2016,1.1.1,646.0,Rwanda,56.5
3471,2017,1.1.1,646.0,Rwanda,56.5
3472,2018,1.1.1,646.0,Rwanda,56.5
3473,2019,1.1.1,646.0,Rwanda,56.5
3474,2020,1.1.1,646.0,Rwanda,56.5
3475,2021,1.1.1,646.0,Rwanda,56.5
3492,2016,1.1.1,662.0,Saint Lucia,4.6
3493,2017,1.1.1,662.0,Saint Lucia,4.6
3494,2018,1.1.1,662.0,Saint Lucia,4.6
3495,2019,1.1.1,662.0,Saint Lucia,4.6
3496,2020,1.1.1,662.0,Saint Lucia,4.6
3497,2021,1.1.1,662.0,Saint Lucia,4.6
3508,2010,1.1.1,678.0,Sao Tome and Principe,34.6
3509,2011,1.1.1,678.0,Sao Tome and Principe,34.6
3510,2012,1.1.1,678.0,Sao Tome and Principe,34.6
3511,2013,1.1.1,678.0,Sao Tome and Principe,34.6
3512,2014,1.1.1,678.0,Sao Tome and Principe,34.6
3513,2015,1.1.1,678.0,Sao Tome and Principe,34.6
3514,2016,1.1.1,678.0,Sao Tome and Principe,34.6
3515,2017,1.1.1,678.0,Sao Tome and Principe,35.6
3516,2018,1.1.1,678.0,Sao Tome and Principe,35.6
3517,2019,1.1.1,678.0,Sao Tome and Principe,35.6
3518,2020,1.1.1,678.0,Sao Tome and Principe,35.6
3519,2021,1.1.1,678.0,Sao Tome and Principe,35.6
3530,2010,1.1.1,686.0,Senegal,38.3
3531,2011,1.1.1,686.0,Senegal,38.5
3532,2012,1.1.1,686.0,Senegal,38.5
3533,2013,1.1.1,686.0,Senegal,38.5
3534,2014,1.1.1,686.0,Senegal,38.5
3535,2015,1.1.1,686.0,Senegal,38.5
3536,2016,1.1.1,686.0,Senegal,38.5
3537,2017,1.1.1,686.0,Senegal,38.5
3538,2018,1.1.1,686.0,Senegal,38.5
3539,2019,1.1.1,686.0,Senegal,38.5
3540,2020,1.1.1,686.0,Senegal,38.5
3541,2021,1.1.1,686.0,Senegal,38.5
3554,2012,1.1.1,688.0,Serbia,5.3
3555,2013,1.1.1,688.0,Serbia,5.8
3556,2014,1.1.1,688.0,Serbia,6.9
3557,2015,1.1.1,688.0,Serbia,6.6
3558,2016,1.1.1,688.0,Serbia,6.4
3559,2017,1.1.1,688.0,Serbia,5.4
3560,2018,1.1.1,688.0,Serbia,5.4
3561,2019,1.1.1,688.0,Serbia,5.4
3562,2020,1.1.1,688.0,Serbia,5.4
3563,2021,1.1.1,688.0,Serbia,5.4
3577,2013,1.1.1,690.0,Seychelles,1.2
3578,2014,1.1.1,690.0,Seychelles,1.2
3579,2015,1.1.1,690.0,Seychelles,1.2
3580,2016,1.1.1,690.0,Seychelles,1.2
3581,2017,1.1.1,690.0,Seychelles,1.2
3582,2018,1.1.1,690.0,Seychelles,0.5
3583,2019,1.1.1,690.0,Seychelles,0.5
3584,2020,1.1.1,690.0,Seychelles,0.5
3585,2021,1.1.1,690.0,Seychelles,0.5
3596,2010,1.1.1,694.0,Sierra Leone,73.0
3597,2011,1.1.1,694.0,Sierra Leone,54.7
3598,2012,1.1.1,694.0,Sierra Leone,54.7
3599,2013,1.1.1,694.0,Sierra Leone,54.7
3600,2014,1.1.1,694.0,Sierra Leone,54.7
3601,2015,1.1.1,694.0,Sierra Leone,54.7
3602,2016,1.1.1,694.0,Sierra Leone,54.7
3603,2017,1.1.1,694.0,Sierra Leone,54.7
3604,2018,1.1.1,694.0,Sierra Leone,43.0
3605,2019,1.1.1,694.0,Sierra Leone,43.0
3606,2020,1.1.1,694.0,Sierra Leone,43.0
3607,2021,1.1.1,694.0,Sierra Leone,43.0
3618,2010,1.1.1,703.0,Slovakia,0.5
3619,2011,1.1.1,703.0,Slovakia,0.4
3620,2012,1.1.1,703.0,Slovakia,0.3
3621,2013,1.1.1,703.0,Slovakia,0.3
3622,2014,1.1.1,703.0,Slovakia,0.6
3623,2015,1.1.1,703.0,Slovakia,0.7
3624,2016,1.1.1,703.0,Slovakia,1.3
3625,2017,1.1.1,703.0,Slovakia,1.3
3626,2018,1.1.1,703.0,Slovakia,0.2
3627,2019,1.1.1,703.0,Slovakia,0.2
3628,2020,1.1.1,703.0,Slovakia,0.2
3629,2021,1.1.1,703.0,Slovakia,0.2
3640,2010,1.1.1,704.0,Viet Nam,4.0
3641,2011,1.1.1,704.0,Viet Nam,4.0
3642,2012,1.1.1,704.0,Viet Nam,2.7
3643,2013,1.1.1,704.0,Viet Nam,2.7
3644,2014,1.1.1,704.0,Viet Nam,2.6
3645,2015,1.1.1,704.0,Viet Nam,2.6
3646,2016,1.1.1,704.0,Viet Nam,1.8
3647,2017,1.1.1,704.0,Viet Nam,1.8
3648,2018,1.1.1,704.0,Viet Nam,1.8
3649,2019,1.1.1,704.0,Viet Nam,1.8
3650,2020,1.1.1,704.0,Viet Nam,1.8
3651,2021,1.1.1,704.0,Viet Nam,1.8
3662,2010,1.1.1,705.0,Slovenia,0.0
3663,2011,1.1.1,705.0,Slovenia,0.0
3664,2012,1.1.1,705.0,Slovenia,0.0
3665,2013,1.1.1,705.0,Slovenia,0.0
3666,2014,1.1.1,705.0,Slovenia,0.0
3667,2015,1.1.1,705.0,Slovenia,0.0
3668,2016,1.1.1,705.0,Slovenia,0.0
3669,2017,1.1.1,705.0,Slovenia,0.0
3670,2018,1.1.1,705.0,Slovenia,0.0
3671,2019,1.1.1,705.0,Slovenia,0.0
3672,2020,1.1.1,705.0,Slovenia,0.0
3673,2021,1.1.1,705.0,Slovenia,0.0
3691,2017,1.1.1,706.0,Somalia,68.6
3692,2018,1.1.1,706.0,Somalia,68.6
3693,2019,1.1.1,706.0,Somalia,68.6
3694,2020,1.1.1,706.0,Somalia,68.6
3695,2021,1.1.1,706.0,Somalia,68.6
3706,2010,1.1.1,710.0,South Africa,16.2
3707,2011,1.1.1,710.0,South Africa,16.2
3708,2012,1.1.1,710.0,South Africa,16.2
3709,2013,1.1.1,710.0,South Africa,16.2
3710,2014,1.1.1,710.0,South Africa,18.7
3711,2015,1.1.1,710.0,South Africa,18.7
3712,2016,1.1.1,710.0,South Africa,18.7
3713,2017,1.1.1,710.0,South Africa,18.7
3714,2018,1.1.1,710.0,South Africa,18.7
3715,2019,1.1.1,710.0,South Africa,18.7
3716,2020,1.1.1,710.0,South Africa,18.7
3717,2021,1.1.1,710.0,South Africa,18.7
3729,2011,1.1.1,716.0,Zimbabwe,21.4
3730,2012,1.1.1,716.0,Zimbabwe,21.4
3731,2013,1.1.1,716.0,Zimbabwe,21.4
3732,2014,1.1.1,716.0,Zimbabwe,21.4
3733,2015,1.1.1,716.0,Zimbabwe,21.4
3734,2016,1.1.1,716.0,Zimbabwe,21.4
3735,2017,1.1.1,716.0,Zimbabwe,33.9
3736,2018,1.1.1,716.0,Zimbabwe,33.9
3737,2019,1.1.1,716.0,Zimbabwe,39.5
3738,2020,1.1.1,716.0,Zimbabwe,39.5
3739,2021,1.1.1,716.0,Zimbabwe,39.5
3750,2010,1.1.1,722.0,Small island developing States (SIDS),26.7
3751,2011,1.1.1,722.0,Small island developing States (SIDS),25.9
3752,2012,1.1.1,722.0,Small island developing States (SIDS),18.4
3753,2013,1.1.1,722.0,Small island developing States (SIDS),18.4
3754,2014,1.1.1,722.0,Small island developing States (SIDS),18.4
3755,2015,1.1.1,722.0,Small island developing States (SIDS),18.4
3756,2016,1.1.1,722.0,Small island developing States (SIDS),18.4
3757,2017,1.1.1,722.0,Small island developing States (SIDS),18.4
3758,2018,1.1.1,722.0,Small island developing States (SIDS),18.4
3759,2019,1.1.1,722.0,Small island developing States (SIDS),18.4
3760,2020,1.1.1,722.0,Small island developing States (SIDS),18.4
3761,2021,1.1.1,722.0,Small island developing States (SIDS),18.4
3772,2010,1.1.1,724.0,Spain,0.7
3773,2011,1.1.1,724.0,Spain,1.1
3774,2012,1.1.1,724.0,Spain,0.9
3775,2013,1.1.1,724.0,Spain,1.2
3776,2014,1.1.1,724.0,Spain,0.8
3777,2015,1.1.1,724.0,Spain,0.9
3778,2016,1.1.1,724.0,Spain,1.2
3779,2017,1.1.1,724.0,Spain,0.7
3780,2018,1.1.1,724.0,Spain,0.9
3781,2019,1.1.1,724.0,Spain,0.9
3782,2020,1.1.1,724.0,Spain,0.9
3783,2021,1.1.1,724.0,Spain,0.9
3794,2010,1.1.1,728.0,South Sudan,44.7
3795,2011,1.1.1,728.0,South Sudan,44.7
3796,2012,1.1.1,728.0,South Sudan,44.7
3797,2013,1.1.1,728.0,South Sudan,44.7
3798,2014,1.1.1,728.0,South Sudan,44.7
3799,2015,1.1.1,728.0,South Sudan,44.7
3800,2016,1.1.1,728.0,South Sudan,76.4
3801,2017,1.1.1,728.0,South Sudan,76.4
3802,2018,1.1.1,728.0,South Sudan,76.4
3803,2019,1.1.1,728.0,South Sudan,76.4
3804,2020,1.1.1,728.0,South Sudan,76.4
3805,2021,1.1.1,728.0,South Sudan,76.4
3816,2010,1.1.1,729.0,Sudan,15.7
3817,2011,1.1.1,729.0,Sudan,15.7
3818,2012,1.1.1,729.0,Sudan,15.7
3819,2013,1.1.1,729.0,Sudan,15.7
3820,2014,1.1.1,729.0,Sudan,12.2
3821,2015,1.1.1,729.0,Sudan,12.2
3822,2016,1.1.1,729.0,Sudan,12.2
3823,2017,1.1.1,729.0,Sudan,12.2
3824,2018,1.1.1,729.0,Sudan,12.2
3825,2019,1.1.1,729.0,Sudan,12.2
3826,2020,1.1.1,729.0,Sudan,12.2
3827,2021,1.1.1,729.0,Sudan,12.2
3838,2010,1.1.1,738.0,Sub-Saharan Africa (inc. Sudan),47.4
3839,2011,1.1.1,738.0,Sub-Saharan Africa (inc. Sudan),45.5
3840,2012,1.1.1,738.0,Sub-Saharan Africa (inc. Sudan),43.9
3841,2013,1.1.1,738.0,Sub-Saharan Africa (inc. Sudan),43.4
3842,2014,1.1.1,738.0,Sub-Saharan Africa (inc. Sudan),42.3
3843,2015,1.1.1,738.0,Sub-Saharan Africa (inc. Sudan),41.9
3844,2016,1.1.1,738.0,Sub-Saharan Africa (inc. Sudan),41.8
3845,2017,1.1.1,738.0,Sub-Saharan Africa (inc. Sudan),41.2
3846,2018,1.1.1,738.0,Sub-Saharan Africa (inc. Sudan),40.4
3847,2019,1.1.1,738.0,Sub-Saharan Africa (inc. Sudan),40.4
3848,2020,1.1.1,738.0,Sub-Saharan Africa (inc. Sudan),40.4
3849,2021,1.1.1,738.0,Sub-Saharan Africa (inc. Sudan),40.4
3860,2010,1.1.1,746.0,Northern Africa (exc. Sudan),1.9
3861,2011,1.1.1,746.0,Northern Africa (exc. Sudan),1.5
3862,2012,1.1.1,746.0,Northern Africa (exc. Sudan),1.2
3863,2013,1.1.1,746.0,Northern Africa (exc. Sudan),1.2
3864,2014,1.1.1,746.0,Northern Africa (exc. Sudan),1.1
3865,2015,1.1.1,746.0,Northern Africa (exc. Sudan),1.1
3866,2016,1.1.1,746.0,Northern Africa (exc. Sudan),1.5
3867,2017,1.1.1,746.0,Northern Africa (exc. Sudan),1.8
3868,2018,1.1.1,746.0,Northern Africa (exc. Sudan),2.2
3869,2019,1.1.1,746.0,Northern Africa (exc. Sudan),2.3
3870,2020,1.1.1,746.0,Northern Africa (exc. Sudan),2.3
3871,2021,1.1.1,746.0,Northern Africa (exc. Sudan),2.3
3882,2010,1.1.1,747.0,Northern Africa and Western Asia,3.4
3883,2011,1.1.1,747.0,Northern Africa and Western Asia,3.2
3884,2012,1.1.1,747.0,Northern Africa and Western Asia,2.9
3885,2013,1.1.1,747.0,Northern Africa and Western Asia,2.9
3886,2014,1.1.1,747.0,Northern Africa and Western Asia,3.2
3887,2015,1.1.1,747.0,Northern Africa and Western Asia,4.5
3888,2016,1.1.1,747.0,Northern Africa and Western Asia,5.3
3889,2017,1.1.1,747.0,Northern Africa and Western Asia,6.2
3890,2018,1.1.1,747.0,Northern Africa and Western Asia,6.2
3891,2019,1.1.1,747.0,Northern Africa and Western Asia,6.2
3892,2020,1.1.1,747.0,Northern Africa and Western Asia,6.2
3893,2021,1.1.1,747.0,Northern Africa and Western Asia,6.2
3904,2010,1.1.1,748.0,Eswatini,43.0
3905,2011,1.1.1,748.0,Eswatini,43.0
3906,2012,1.1.1,748.0,Eswatini,43.0
3907,2013,1.1.1,748.0,Eswatini,43.0
3908,2014,1.1.1,748.0,Eswatini,43.0
3909,2015,1.1.1,748.0,Eswatini,43.0
3910,2016,1.1.1,748.0,Eswatini,29.2
3911,2017,1.1.1,748.0,Eswatini,29.2
3912,2018,1.1.1,748.0,Eswatini,29.2
3913,2019,1.1.1,748.0,Eswatini,29.2
3914,2020,1.1.1,748.0,Eswatini,29.2
3915,2021,1.1.1,748.0,Eswatini,29.2
3926,2010,1.1.1,752.0,Sweden,0.5
3927,2011,1.1.1,752.0,Sweden,0.5
3928,2012,1.1.1,752.0,Sweden,0.5
3929,2013,1.1.1,752.0,Sweden,0.6
3930,2014,1.1.1,752.0,Sweden,0.5
3931,2015,1.1.1,752.0,Sweden,0.4
3932,2016,1.1.1,752.0,Sweden,0.3
3933,2017,1.1.1,752.0,Sweden,0.2
3934,2018,1.1.1,752.0,Sweden,0.7
3935,2019,1.1.1,752.0,Sweden,0.7
3936,2020,1.1.1,752.0,Sweden,0.7
3937,2021,1.1.1,752.0,Sweden,0.7
3948,2010,1.1.1,753.0,Eastern and South-Eastern Asia,9.8
3949,2011,1.1.1,753.0,Eastern and South-Eastern Asia,7.4
3950,2012,1.1.1,753.0,Eastern and South-Eastern Asia,6.2
3951,2013,1.1.1,753.0,Eastern and South-Eastern Asia,2.9
3952,2014,1.1.1,753.0,Eastern and South-Eastern Asia,2.4
3953,2015,1.1.1,753.0,Eastern and South-Eastern Asia,1.8
3954,2016,1.1.1,753.0,Eastern and South-Eastern Asia,1.5
3955,2017,1.1.1,753.0,Eastern and South-Eastern Asia,1.2
3956,2018,1.1.1,753.0,Eastern and South-Eastern Asia,1.0
3957,2019,1.1.1,753.0,Eastern and South-Eastern Asia,0.8
3958,2020,1.1.1,753.0,Eastern and South-Eastern Asia,0.8
3959,2021,1.1.1,753.0,Eastern and South-Eastern Asia,0.8
3970,2010,1.1.1,756.0,Switzerland,0.0
3971,2011,1.1.1,756.0,Switzerland,0.0
3972,2012,1.1.1,756.0,Switzerland,0.0
3973,2013,1.1.1,756.0,Switzerland,0.0
3974,2014,1.1.1,756.0,Switzerland,0.0
3975,2015,1.1.1,756.0,Switzerland,0.0
3976,2016,1.1.1,756.0,Switzerland,0.0
3977,2017,1.1.1,756.0,Switzerland,0.0
3978,2018,1.1.1,756.0,Switzerland,0.0
3979,2019,1.1.1,756.0,Switzerland,0.0
3980,2020,1.1.1,756.0,Switzerland,0.0
3981,2021,1.1.1,756.0,Switzerland,0.0
3992,2010,1.1.1,760.0,Syrian Arab Republic,0.9
3993,2011,1.1.1,760.0,Syrian Arab Republic,0.9
3994,2012,1.1.1,760.0,Syrian Arab Republic,0.9
3995,2013,1.1.1,760.0,Syrian Arab Republic,0.9
3996,2014,1.1.1,760.0,Syrian Arab Republic,0.9
3997,2015,1.1.1,760.0,Syrian Arab Republic,0.9
3998,2016,1.1.1,760.0,Syrian Arab Republic,0.9
3999,2017,1.1.1,760.0,Syrian Arab Republic,0.9
4000,2018,1.1.1,760.0,Syrian Arab Republic,0.9
4001,2019,1.1.1,760.0,Syrian Arab Republic,0.9
4002,2020,1.1.1,760.0,Syrian Arab Republic,0.9
4003,2021,1.1.1,760.0,Syrian Arab Republic,0.9
4014,2010,1.1.1,762.0,Tajikistan,4.0
4015,2011,1.1.1,762.0,Tajikistan,4.0
4016,2012,1.1.1,762.0,Tajikistan,4.0
4017,2013,1.1.1,762.0,Tajikistan,4.0
4018,2014,1.1.1,762.0,Tajikistan,4.0
4019,2015,1.1.1,762.0,Tajikistan,4.1
4020,2016,1.1.1,762.0,Tajikistan,4.1
4021,2017,1.1.1,762.0,Tajikistan,4.1
4022,2018,1.1.1,762.0,Tajikistan,4.1
4023,2019,1.1.1,762.0,Tajikistan,4.1
4024,2020,1.1.1,762.0,Tajikistan,4.1
4025,2021,1.1.1,762.0,Tajikistan,4.1
4036,2010,1.1.1,764.0,Thailand,0.1
4037,2011,1.1.1,764.0,Thailand,0.0
4038,2012,1.1.1,764.0,Thailand,0.1
4039,2013,1.1.1,764.0,Thailand,0.0
4040,2014,1.1.1,764.0,Thailand,0.0
4041,2015,1.1.1,764.0,Thailand,0.0
4042,2016,1.1.1,764.0,Thailand,0.0
4043,2017,1.1.1,764.0,Thailand,0.0
4044,2018,1.1.1,764.0,Thailand,0.0
4045,2019,1.1.1,764.0,Thailand,0.1
4046,2020,1.1.1,764.0,Thailand,0.1
4047,2021,1.1.1,764.0,Thailand,0.1
4058,2010,1.1.1,768.0,Togo,56.5
4059,2011,1.1.1,768.0,Togo,55.0
4060,2012,1.1.1,768.0,Togo,55.0
4061,2013,1.1.1,768.0,Togo,55.0
4062,2014,1.1.1,768.0,Togo,55.0
4063,2015,1.1.1,768.0,Togo,51.1
4064,2016,1.1.1,768.0,Togo,51.1
4065,2017,1.1.1,768.0,Togo,51.1
4066,2018,1.1.1,768.0,Togo,51.1
4067,2019,1.1.1,768.0,Togo,51.1
4068,2020,1.1.1,768.0,Togo,51.1
4069,2021,1.1.1,768.0,Togo,51.1
4080,2010,1.1.1,776.0,Tonga,1.1
4081,2011,1.1.1,776.0,Tonga,1.1
4082,2012,1.1.1,776.0,Tonga,1.1
4083,2013,1.1.1,776.0,Tonga,1.1
4084,2014,1.1.1,776.0,Tonga,1.1
4085,2015,1.1.1,776.0,Tonga,1.0
4086,2016,1.1.1,776.0,Tonga,1.0
4087,2017,1.1.1,776.0,Tonga,1.0
4088,2018,1.1.1,776.0,Tonga,1.0
4089,2019,1.1.1,776.0,Tonga,1.0
4090,2020,1.1.1,776.0,Tonga,1.0
4091,2021,1.1.1,776.0,Tonga,1.0
4105,2013,1.1.1,784.0,United Arab Emirates,0.0
4106,2014,1.1.1,784.0,United Arab Emirates,0.0
4107,2015,1.1.1,784.0,United Arab Emirates,0.0
4108,2016,1.1.1,784.0,United Arab Emirates,0.0
4109,2017,1.1.1,784.0,United Arab Emirates,0.0
4110,2018,1.1.1,784.0,United Arab Emirates,0.0
4111,2019,1.1.1,784.0,United Arab Emirates,0.0
4112,2020,1.1.1,784.0,United Arab Emirates,0.0
4113,2021,1.1.1,784.0,United Arab Emirates,0.0
4124,2010,1.1.1,788.0,Tunisia,2.0
4125,2011,1.1.1,788.0,Tunisia,2.0
4126,2012,1.1.1,788.0,Tunisia,2.0
4127,2013,1.1.1,788.0,Tunisia,2.0
4128,2014,1.1.1,788.0,Tunisia,2.0
4129,2015,1.1.1,788.0,Tunisia,0.2
4130,2016,1.1.1,788.0,Tunisia,0.2
4131,2017,1.1.1,788.0,Tunisia,0.2
4132,2018,1.1.1,788.0,Tunisia,0.2
4133,2019,1.1.1,788.0,Tunisia,0.2
4134,2020,1.1.1,788.0,Tunisia,0.2
4135,2021,1.1.1,788.0,Tunisia,0.2
4146,2010,1.1.1,792.0,Turkey,0.8
4147,2011,1.1.1,792.0,Turkey,0.1
4148,2012,1.1.1,792.0,Turkey,0.1
4149,2013,1.1.1,792.0,Turkey,0.3
4150,2014,1.1.1,792.0,Turkey,0.2
4151,2015,1.1.1,792.0,Turkey,0.2
4152,2016,1.1.1,792.0,Turkey,0.2
4153,2017,1.1.1,792.0,Turkey,0.1
4154,2018,1.1.1,792.0,Turkey,0.0
4155,2019,1.1.1,792.0,Turkey,0.4
4156,2020,1.1.1,792.0,Turkey,0.4
4157,2021,1.1.1,792.0,Turkey,0.4
4168,2010,1.1.1,798.0,Tuvalu,3.3
4169,2011,1.1.1,798.0,Tuvalu,3.3
4170,2012,1.1.1,798.0,Tuvalu,3.3
4171,2013,1.1.1,798.0,Tuvalu,3.3
4172,2014,1.1.1,798.0,Tuvalu,3.3
4173,2015,1.1.1,798.0,Tuvalu,3.3
4174,2016,1.1.1,798.0,Tuvalu,3.3
4175,2017,1.1.1,798.0,Tuvalu,3.3
4176,2018,1.1.1,798.0,Tuvalu,3.3
4177,2019,1.1.1,798.0,Tuvalu,3.3
4178,2020,1.1.1,798.0,Tuvalu,3.3
4179,2021,1.1.1,798.0,Tuvalu,3.3
4190,2010,1.1.1,800.0,Uganda,45.3
4191,2011,1.1.1,800.0,Uganda,45.3
4192,2012,1.1.1,800.0,Uganda,35.7
4193,2013,1.1.1,800.0,Uganda,35.7
4194,2014,1.1.1,800.0,Uganda,35.7
4195,2015,1.1.1,800.0,Uganda,35.7
4196,2016,1.1.1,800.0,Uganda,41.3
4197,2017,1.1.1,800.0,Uganda,41.3
4198,2018,1.1.1,800.0,Uganda,41.3
4199,2019,1.1.1,800.0,Uganda,41.3
4200,2020,1.1.1,800.0,Uganda,41.3
4201,2021,1.1.1,800.0,Uganda,41.3
4212,2010,1.1.1,804.0,Ukraine,0.0
4213,2011,1.1.1,804.0,Ukraine,0.0
4214,2012,1.1.1,804.0,Ukraine,0.0
4215,2013,1.1.1,804.0,Ukraine,0.0
4216,2014,1.1.1,804.0,Ukraine,0.0
4217,2015,1.1.1,804.0,Ukraine,0.0
4218,2016,1.1.1,804.0,Ukraine,0.0
4219,2017,1.1.1,804.0,Ukraine,0.0
4220,2018,1.1.1,804.0,Ukraine,0.0
4221,2019,1.1.1,804.0,Ukraine,0.0
4222,2020,1.1.1,804.0,Ukraine,0.0
4223,2021,1.1.1,804.0,Ukraine,0.0
4234,2010,1.1.1,807.0,North Macedonia,10.4
4235,2011,1.1.1,807.0,North Macedonia,9.1
4236,2012,1.1.1,807.0,North Macedonia,6.9
4237,2013,1.1.1,807.0,North Macedonia,5.2
4238,2014,1.1.1,807.0,North Macedonia,4.5
4239,2015,1.1.1,807.0,North Macedonia,5.5
4240,2016,1.1.1,807.0,North Macedonia,4.3
4241,2017,1.1.1,807.0,North Macedonia,4.6
4242,2018,1.1.1,807.0,North Macedonia,3.4
4243,2019,1.1.1,807.0,North Macedonia,3.4
4244,2020,1.1.1,807.0,North Macedonia,3.4
4245,2021,1.1.1,807.0,North Macedonia,3.4
4256,2010,1.1.1,818.0,Egypt,2.2
4257,2011,1.1.1,818.0,Egypt,2.2
4258,2012,1.1.1,818.0,Egypt,1.5
4259,2013,1.1.1,818.0,Egypt,1.5
4260,2014,1.1.1,818.0,Egypt,1.5
4261,2015,1.1.1,818.0,Egypt,1.6
4262,2016,1.1.1,818.0,Egypt,1.6
4263,2017,1.1.1,818.0,Egypt,3.8
4264,2018,1.1.1,818.0,Egypt,3.8
4265,2019,1.1.1,818.0,Egypt,3.8
4266,2020,1.1.1,818.0,Egypt,3.8
4267,2021,1.1.1,818.0,Egypt,3.8
4278,2010,1.1.1,826.0,United Kingdom of Great Britain and Northern Ireland,0.1
4279,2011,1.1.1,826.0,United Kingdom of Great Britain and Northern Ireland,0.4
4280,2012,1.1.1,826.0,United Kingdom of Great Britain and Northern Ireland,0.2
4281,2013,1.1.1,826.0,United Kingdom of Great Britain and Northern Ireland,0.2
4282,2014,1.1.1,826.0,United Kingdom of Great Britain and Northern Ireland,0.2
4283,2015,1.1.1,826.0,United Kingdom of Great Britain and Northern Ireland,0.1
4284,2016,1.1.1,826.0,United Kingdom of Great Britain and Northern Ireland,0.2
4285,2017,1.1.1,826.0,United Kingdom of Great Britain and Northern Ireland,0.3
4286,2018,1.1.1,826.0,United Kingdom of Great Britain and Northern Ireland,0.3
4287,2019,1.1.1,826.0,United Kingdom of Great Britain and Northern Ireland,0.3
4288,2020,1.1.1,826.0,United Kingdom of Great Britain and Northern Ireland,0.3
4289,2021,1.1.1,826.0,United Kingdom of Great Britain and Northern Ireland,0.3
4300,2010,1.1.1,834.0,United Republic of Tanzania,60.3
4301,2011,1.1.1,834.0,United Republic of Tanzania,49.6
4302,2012,1.1.1,834.0,United Republic of Tanzania,49.6
4303,2013,1.1.1,834.0,United Republic of Tanzania,49.6
4304,2014,1.1.1,834.0,United Republic of Tanzania,49.6
4305,2015,1.1.1,834.0,United Republic of Tanzania,49.6
4306,2016,1.1.1,834.0,United Republic of Tanzania,49.6
4307,2017,1.1.1,834.0,United Republic of Tanzania,49.4
4308,2018,1.1.1,834.0,United Republic of Tanzania,49.4
4309,2019,1.1.1,834.0,United Republic of Tanzania,49.4
4310,2020,1.1.1,834.0,United Republic of Tanzania,49.4
4311,2021,1.1.1,834.0,United Republic of Tanzania,49.4
4322,2010,1.1.1,840.0,United States of America,1.0
4323,2011,1.1.1,840.0,United States of America,1.0
4324,2012,1.1.1,840.0,United States of America,1.0
4325,2013,1.1.1,840.0,United States of America,1.0
4326,2014,1.1.1,840.0,United States of America,1.2
4327,2015,1.1.1,840.0,United States of America,1.2
4328,2016,1.1.1,840.0,United States of America,1.0
4329,2017,1.1.1,840.0,United States of America,1.2
4330,2018,1.1.1,840.0,United States of America,1.0
4331,2019,1.1.1,840.0,United States of America,1.0
4332,2020,1.1.1,840.0,United States of America,1.0
4333,2021,1.1.1,840.0,United States of America,1.0
4344,2010,1.1.1,854.0,Burkina Faso,55.4
4345,2011,1.1.1,854.0,Burkina Faso,55.4
4346,2012,1.1.1,854.0,Burkina Faso,55.4
4347,2013,1.1.1,854.0,Burkina Faso,55.4
4348,2014,1.1.1,854.0,Burkina Faso,43.8
4349,2015,1.1.1,854.0,Burkina Faso,43.8
4350,2016,1.1.1,854.0,Burkina Faso,43.8
4351,2017,1.1.1,854.0,Burkina Faso,43.8
4352,2018,1.1.1,854.0,Burkina Faso,43.8
4353,2019,1.1.1,854.0,Burkina Faso,43.8
4354,2020,1.1.1,854.0,Burkina Faso,43.8
4355,2021,1.1.1,854.0,Burkina Faso,43.8
4366,2010,1.1.1,858.0,Uruguay,0.2
4367,2011,1.1.1,858.0,Uruguay,0.1
4368,2012,1.1.1,858.0,Uruguay,0.2
4369,2013,1.1.1,858.0,Uruguay,0.2
4370,2014,1.1.1,858.0,Uruguay,0.1
4371,2015,1.1.1,858.0,Uruguay,0.1
4372,2016,1.1.1,858.0,Uruguay,0.1
4373,2017,1.1.1,858.0,Uruguay,0.1
4374,2018,1.1.1,858.0,Uruguay,0.1
4375,2019,1.1.1,858.0,Uruguay,0.1
4376,2020,1.1.1,858.0,Uruguay,0.1
4377,2021,1.1.1,858.0,Uruguay,0.1
4388,2010,1.1.1,860.0,Uzbekistan,61.6
4389,2011,1.1.1,860.0,Uzbekistan,61.6
4390,2012,1.1.1,860.0,Uzbekistan,61.6
4391,2013,1.1.1,860.0,Uzbekistan,61.6
4392,2014,1.1.1,860.0,Uzbekistan,61.6
4393,2015,1.1.1,860.0,Uzbekistan,61.6
4394,2016,1.1.1,860.0,Uzbekistan,61.6
4395,2017,1.1.1,860.0,Uzbekistan,61.6
4396,2018,1.1.1,860.0,Uzbekistan,61.6
4397,2019,1.1.1,860.0,Uzbekistan,61.6
4398,2020,1.1.1,860.0,Uzbekistan,61.6
4399,2021,1.1.1,860.0,Uzbekistan,61.6
4410,2010,1.1.1,862.0,Venezuela (Bolivarian Republic of),6.7
4411,2011,1.1.1,862.0,Venezuela (Bolivarian Republic of),6.7
4412,2012,1.1.1,862.0,Venezuela (Bolivarian Republic of),6.7
4413,2013,1.1.1,862.0,Venezuela (Bolivarian Republic of),6.7
4414,2014,1.1.1,862.0,Venezuela (Bolivarian Republic of),6.7
4415,2015,1.1.1,862.0,Venezuela (Bolivarian Republic of),6.7
4416,2016,1.1.1,862.0,Venezuela (Bolivarian Republic of),6.7
4417,2017,1.1.1,862.0,Venezuela (Bolivarian Republic of),6.7
4418,2018,1.1.1,862.0,Venezuela (Bolivarian Republic of),6.7
4419,2019,1.1.1,862.0,Venezuela (Bolivarian Republic of),6.7
4420,2020,1.1.1,862.0,Venezuela (Bolivarian Republic of),6.7
4421,2021,1.1.1,862.0,Venezuela (Bolivarian Republic of),6.7
4432,2010,1.1.1,882.0,Samoa,0.6
4433,2011,1.1.1,882.0,Samoa,0.6
4434,2012,1.1.1,882.0,Samoa,0.6
4435,2013,1.1.1,882.0,Samoa,1.1
4436,2014,1.1.1,882.0,Samoa,1.1
4437,2015,1.1.1,882.0,Samoa,1.1
4438,2016,1.1.1,882.0,Samoa,1.1
4439,2017,1.1.1,882.0,Samoa,1.1
4440,2018,1.1.1,882.0,Samoa,1.1
4441,2019,1.1.1,882.0,Samoa,1.1
4442,2020,1.1.1,882.0,Samoa,1.1
4443,2021,1.1.1,882.0,Samoa,1.1
4454,2010,1.1.1,887.0,Yemen,9.4
4455,2011,1.1.1,887.0,Yemen,9.4
4456,2012,1.1.1,887.0,Yemen,9.4
4457,2013,1.1.1,887.0,Yemen,9.4
4458,2014,1.1.1,887.0,Yemen,18.3
4459,2015,1.1.1,887.0,Yemen,18.3
4460,2016,1.1.1,887.0,Yemen,18.3
4461,2017,1.1.1,887.0,Yemen,18.3
4462,2018,1.1.1,887.0,Yemen,18.3
4463,2019,1.1.1,887.0,Yemen,18.3
4464,2020,1.1.1,887.0,Yemen,18.3
4465,2021,1.1.1,887.0,Yemen,18.3
4476,2010,1.1.1,894.0,Zambia,65.8
4477,2011,1.1.1,894.0,Zambia,65.8
4478,2012,1.1.1,894.0,Zambia,65.8
4479,2013,1.1.1,894.0,Zambia,65.8
4480,2014,1.1.1,894.0,Zambia,65.8
4481,2015,1.1.1,894.0,Zambia,58.7
4482,2016,1.1.1,894.0,Zambia,58.7
4483,2017,1.1.1,894.0,Zambia,58.7
4484,2018,1.1.1,894.0,Zambia,58.7
4485,2019,1.1.1,894.0,Zambia,58.7
4486,2020,1.1.1,894.0,Zambia,58.7
4487,2021,1.1.1,894.0,Zambia,58.7
